Order Line Id,Pick Id,Order,Sku,Prod,Create Time,Pick State,State Change Time,Qty,Tm,Du,Unique Ref,Pick Task,Pick Task - Create Time,Stock,Order - Priority Band,Location,Lot,Tm - Location - Id,Pick Type,Emergency,Order Line Placed Time,Abandon Requested,Cancel Requested,Pick State Before Abandon Or Cancel,Packing Instructions,Prod - Colour,Retail Price,Currency,Host Delivery Id,Abandon Reason,Abandon Note,Cancel Reason,Unpick Reason,Rsvn Type,Pick Tm Type,Alert Str,Hazardous,Priority Time,Pick Time,Loc Pick Seq,Ordered Sku - Size,Du Build Failed,Seen In Order Message,Op Rsvn Order Pass Complete,Pick Stock Expectation State,Order - Pick Qty,Ordered Sku - Perishable,Order - Vas,Order - Vip
="1","284726571-1-000001",="284726571","241264M23702204","241264M23702204",2024-03-23 02:10:52,"RESERVED",2024-03-23 08:11:37,1,"LS00220688",="0000169336","","PT-000379014",2024-03-23 14:15:00,="449501","LOW","3H39A521",,"3H39A521","PICK",false,,false,false,"UNUSED","","WHITE/BLACK/GREY",,"","","","","","","NORMAL","LOOSE STOCK","",false,2024-03-24 17:00:00,,1415613,="43",false,true,false,"UNUSED",1,"NO","NO","NO"
="1","284717281-1-000001",="284717281","241730F04802000","241730F04802000",2024-03-23 02:11:48,"RESERVED",2024-03-23 08:11:37,1,"LS00220866",="0000169342","","PT-000378756",2024-03-23 11:35:16,="450928","LOW","3H39C719",,"3H39C719","PICK",false,,false,false,"UNUSED","","16 Matte Black",,"","","","","","","NORMAL","LOOSE STOCK","",false,2024-03-24 18:00:00,1969-12-31 19:00:36,1423356,"UNI",false,true,false,"UNUSED",1,"NO","NO","NO"
="1","284717391-1-000001",="284717391","241610F12803502","241610F12803502",2024-03-23 02:11:55,"RESERVED",2024-03-23 11:21:17,1,"LS00174037",="0000169347","","PT-000378731",2024-03-23 11:21:18,="286796","LOW","3H17C422",,"3H17C422","PICK",false,,false,false,"UNUSED","","Extra White/Matcha",,"","","","","","","NORMAL","LOOSE STOCK","",false,2024-03-24 18:00:00,,1410020,="37",false,true,false,"UNUSED",1,"NO","NO","NO"
="1","284726901-1-000001",="284726901","232140F12201518","232140F12201518",2024-03-23 02:20:52,"RESERVED",2024-03-23 13:54:12,1,"LS00218237",="0000169370","","PT-000378956",2024-03-23 13:49:50,="427450","LOW","3H28A708",,"3H28A708","PICK",false,,false,false,"UNUSED","","0001 Copper",,"","","","","","","NORMAL","LOOSE STOCK","",false,2024-03-24 17:00:00,1969-12-31 19:00:36,1422084,="43",false,true,false,"UNUSED",1,"NO","NO","NO"
="1","284726861-1-000001",="284726861","231773M23412801","231773M23412801",2024-03-23 02:20:54,"RESERVED",2024-03-23 08:11:27,1,"LS00219456",="0000169369","","PT-000378962",2024-03-23 13:54:16,="437191","LOW","3H32B702",,"3H32B702","PICK",false,,false,false,"UNUSED","","OLIVE",,"","","","","","","NORMAL","LOOSE STOCK","",false,2024-03-24 17:00:00,1969-12-31 19:00:36,1422436,="6",false,true,false,"UNUSED",1,"NO","NO","NO"
="1","284727151-1-000001",="284727151","222161M20200805","222161M20200805",2024-03-23 02:34:55,"RESERVED",2024-03-23 14:13:01,1,"LS00222331",="0000169390","","PT-000378954",2024-03-23 13:46:30,="257318","LOW","3R09A211",,"3R09A211","PICK",false,,false,false,"UNUSED","","CORAL",,"","","","","","","NORMAL","LOOSE STOCK","Pick has a PSS Problem",false,2024-03-24 17:00:00,,1519278,"XL",false,true,false,"UNUSED",6,"NO","NO","NO"
="2","284727151-2-000002",="284727151","222161M20200800","222161M20200800",2024-03-23 02:34:55,"RESERVED",2024-03-23 08:11:34,1,"LS00159682",="0000169390","","PT-000378935",2024-03-23 13:36:56,="250263","LOW","3R15E332",,"3R15E332","PICK",false,,false,false,"UNUSED","","CORAL",,"","","","","","","NORMAL","LOOSE STOCK","Pick has a PSS Problem",false,2024-03-24 17:00:00,,1539227,"XXS",false,true,false,"UNUSED",6,"NO","NO","NO"
="3","284727151-3-000003",="284727151","222161M20202006","222161M20202006",2024-03-23 02:34:55,"RESERVED",2024-03-23 08:11:34,2,"LS00165523",="0000169390","","PT-000378935",2024-03-23 13:36:56,="259407","LOW","3R11B102",,"3R11B102","PICK",false,,false,false,"UNUSED","","DARK OATMEAL",,"","","","","","","NORMAL","LOOSE STOCK","Pick has a PSS Problem",false,2024-03-24 17:00:00,,154050,"XXL",false,true,false,"UNUSED",6,"NO","NO","NO"
="4","284727151-4-000004",="284727151","222161M19000305","222161M19000305",2024-03-23 02:34:55,"RESERVED",2024-03-23 08:11:34,1,"LS00194829",="0000169390","","PT-000378800",2024-03-23 11:56:44,="342105","LOW","3R06G410",,"3R06G410","PICK",false,,false,false,"UNUSED","","SMOKE",,"","","","","","","NORMAL","LOOSE STOCK","Pick has a PSS Problem",false,2024-03-24 17:00:00,,1548871,"XL",false,true,false,"UNUSED",6,"NO","NO","NO"
="5","284727151-5-000005",="284727151","222161M19000206","222161M19000206",2024-03-23 02:34:55,"RESERVED",2024-03-23 08:11:35,1,"LS00166999",="0000169390","","PT-000378935",2024-03-23 13:36:56,="262113","LOW","3R15D110",,"3R15D110","PICK",false,,false,false,"UNUSED","","EGG SHELL",,"","","","","","","NORMAL","LOOSE STOCK","Pick has a PSS Problem",false,2024-03-24 17:00:00,,156045,"XXL",false,true,false,"UNUSED",6,"NO","NO","NO"
="1","284728321-1-000001",="284728321","241837F12802003","241837F12802003",2024-03-23 03:00:56,"RESERVED",2024-03-23 08:11:32,1,"LS00218245",="0000169433","","PT-000378956",2024-03-23 13:49:50,="427563","LOW","3H28A716",,"3H28A716","PICK",false,,false,false,"UNUSED","","Metal/Ghost Gray/Sil",,"","","","","","","NORMAL","LOOSE STOCK","",false,2024-03-24 17:00:00,1969-12-31 19:00:36,1422141,="6.5",false,true,false,"UNUSED",1,"NO","NO","NO"
="1","284728271-1-000001",="284728271","241011M23710012","241011M23710012",2024-03-23 03:00:57,"RESERVED",2024-03-23 08:11:38,1,"LS00172882",="0000169431","","PT-000378712",2024-03-23 11:11:28,="273653","LOW","3H05C409",,"3H05C409","PICK",false,,false,false,"UNUSED","","OIL GREEN/IRONSTONE-",,"","","","","","","NORMAL","LOOSE STOCK","",false,2024-03-24 15:00:00,1969-12-31 19:00:36,1411297,="13",false,true,false,"UNUSED",1,"NO","NO","NO"
="1","284728231-1-000001",="284728231","241264F12804303","241264F12804303",2024-03-23 03:00:58,"RESERVED",2024-03-23 08:11:35,1,"LS00172349",="0000169428","","PT-000378712",2024-03-23 11:11:28,="89037","LOW","3H02A404",,"3H02A404","PICK",false,,false,false,"UNUSED","","15544 Pearl/White",,"","","","","","","NORMAL","LOOSE STOCK","",false,2024-03-24 15:00:00,1969-12-31 19:00:36,1411698,="38",false,true,false,"UNUSED",1,"NO","NO","NO"
="1","284728941-1-000001",="284728941","241751M23705013","241751M23705013",2024-03-23 03:14:44,"RESERVED",2024-03-23 08:11:32,1,"LS00175486",="0000169459","","PT-000378884",2024-03-23 13:15:20,="301200","LOW","3H30A418",,"3H30A418","PICK",false,,false,false,"UNUSED","","core black / ftwr wh",,"","","","","","","NORMAL","LOOSE STOCK","",false,2024-03-24 15:00:00,1969-12-31 19:00:36,148907,="12.5",false,true,false,"UNUSED",1,"NO","NO","NO"
="1","284729171-1-000001",="284729171","241415F12501104","241415F12501104",2024-03-23 03:20:50,"RESERVED",2024-03-23 08:11:32,1,"LS00175698",="0000169470","","PT-000378916",2024-03-23 13:31:28,="303213","LOW","3H31C407",,"3H31C407","PICK",false,,false,false,"UNUSED","","Black",,"","","","","","","NORMAL","LOOSE STOCK","",false,2024-03-24 17:00:00,1969-12-31 19:00:36,148714,="37",false,true,false,"UNUSED",1,"NO","NO","NO"
="1","284730261-1-000001",="284730261","221278F12700102","221278F12700102",2024-03-23 03:40:49,"RESERVED",2024-03-23 08:11:38,1,"LS00175254",="0000169512","","PT-000378955",2024-03-23 13:49:25,="298940","LOW","3H28B320",,"3H28B320","PICK",false,,false,false,"UNUSED","","001 Black",,"","","","","","","NORMAL","LOOSE STOCK","",false,2024-03-24 17:00:00,,142781,="36",false,true,false,"UNUSED",1,"NO","NO","NO"
="1","284730251-1-000001",="284730251","241232M23702205","241232M23702205",2024-03-23 03:40:54,"RESERVED",2024-03-23 08:11:32,1,"LS00173607",="0000169511","","PT-000378737",2024-03-23 11:25:16,="281265","LOW","3H12C419",,"3H12C419","PICK",false,,false,false,"UNUSED","","911 BLACK/MILK/MILK",,"","","","","","","NORMAL","LOOSE STOCK","",false,2024-03-24 18:00:00,1969-12-31 19:00:36,1410762,="41.5",false,true,false,"UNUSED",1,"NO","NO","NO"
="1","284730131-1-000001",="284730131","241325M21605702","241325M21605702",2024-03-23 03:45:46,"RESERVED",2024-03-23 08:11:37,1,"LS00212464",="0000169517","","PT-000378985",2024-03-23 13:57:37,="317041","LOW","3H01B812",,"3H01B812","PICK",false,,false,false,"UNUSED","","020 ? Grey Heather",,"","","","","","","NORMAL","LOOSE STOCK","",false,2024-03-24 15:00:00,1969-12-31 19:00:36,1427185,"L",false,true,false,"UNUSED",1,"NO","NO","NO"
="1","284730311-1-000001",="284730311","221264F12800403","221264F12800403",2024-03-23 03:50:44,"RESERVED",2024-03-23 08:11:38,1,"LS00173684",="0000169522","","PT-000378731",2024-03-23 11:21:18,="282280","LOW","3H13B404",,"3H13B404","PICK",false,,false,false,"UNUSED","","White/Silver",,"","","","","","","NORMAL","LOOSE STOCK","",false,2024-03-24 17:00:00,,1410565,="37",false,true,false,"UNUSED",1,"NO","NO","NO"
="1","284702401-1-000001",="284702401","241111F06302502","241111F06302502",2024-03-23 03:50:49,"RESERVED",2024-03-23 08:11:35,1,"LS00083685",="0000169528","","PT-000378825",2024-03-23 12:44:05,="82934","LOW","3F60B230",,"3F60B230","PICK",false,,false,false,"UNUSED","","Wax",,"","","","","","","NORMAL","LOOSE STOCK","",false,2024-03-24 15:00:00,1969-12-31 19:00:36,1347435,"M",false,true,false,"UNUSED",1,"NO","NO","NO"
="1","284730481-1-000001",="284730481","241739M23701306","241739M23701306",2024-03-23 03:55:44,"RESERVED",2024-03-23 08:11:37,1,"LS00175857",="0000169533","","PT-000378921",2024-03-23 13:32:47,="304720","LOW","3H32C422",,"3H32C422","PICK",false,,false,false,"UNUSED","","LX OFF WHITE",,"","","","","","","NORMAL","LOOSE STOCK","",false,2024-03-24 18:00:00,1969-12-31 19:00:36,148789,="9",false,true,false,"UNUSED",1,"NO","NO","NO"
="1","284731011-1-000001",="284731011","231296F11801211","231296F11801211",2024-03-23 04:14:47,"RESERVED",2024-03-23 08:11:27,1,"LS00172606",="0000169552","","PT-000378737",2024-03-23 11:25:16,="270797","LOW","3H03C421",,"3H03C421","PICK",false,,false,false,"UNUSED","","1429 Citron",,"","","","","","","NORMAL","LOOSE STOCK","",false,2024-03-24 17:00:00,1969-12-31 19:00:36,1411528,="40.5",false,true,false,"UNUSED",1,"NO","NO","NO"
="1","284731301-1-000001",="284731301","232161F09700501","232161F09700501",2024-03-23 04:20:57,"RESERVED",2024-03-23 14:14:19,1,"LS00222337",="0000169558","","PT-000378993",2024-03-23 14:00:35,="324897","LOW","3R17A201",,"3R17A201","PICK",false,,false,false,"UNUSED","","Core Heather",,"","","","","","","NORMAL","LOOSE STOCK","",false,2024-03-24 18:00:00,,1525274,"XS",false,true,false,"UNUSED",1,"NO","NO","NO"
="1","284733871-1-000001",="284733871","241138F12801006","241138F12801006",2024-03-23 06:10:51,"RESERVED",2024-03-23 08:11:38,1,"LS00217488",="0000169661","","PT-000378956",2024-03-23 13:49:50,="420634","LOW","3H23B718",,"3H23B718","PICK",false,,false,false,"UNUSED","","Cream White/Off Whit",,"","","","","","","NORMAL","LOOSE STOCK","",false,2024-03-24 18:00:00,1969-12-31 19:00:36,1421737,="7",false,true,false,"UNUSED",1,"NO","NO","NO"
="1","284734321-1-000001",="284734321","241325M21601300","241325M21601300",2024-03-23 06:30:51,"RESERVED",2024-03-23 08:11:38,1,"LS00213157",="0000169681","","PT-000378985",2024-03-23 13:57:37,="377960","LOW","3H04A821",,"3H04A821","PICK",false,,false,false,"UNUSED","","001 - Black",,"","","","","","","NORMAL","LOOSE STOCK","",false,2024-03-24 18:00:00,1969-12-31 19:00:36,1427031,"S",false,true,false,"UNUSED",1,"NO","NO","NO"
="1","284716921-1-000001",="284716921","241837M23703303","241837M23703303",2024-03-23 02:01:51,"RESERVED",2024-03-23 08:11:33,1,"LS00172445",="0000169309","","PT-000378731",2024-03-23 11:21:18,="198956","LOW","3H02C404",,"3H02C404","PICK",false,,false,false,"UNUSED","","Ghost Gray/Ghost Gra",,"","","","","","","NORMAL","LOOSE STOCK","",false,2024-03-24 15:00:00,1969-12-31 19:00:36,1411735,="7.5",false,true,false,"UNUSED",1,"NO","NO","NO"
="1","284735031-1-000001",="284735031","241296F11803407","241296F11803407",2024-03-23 07:10:54,"RESERVED",2024-03-23 08:33:09,1,"LS00192279",="0000169706","","PT-000378955",2024-03-23 13:49:25,="401851","LOW","3H29C302",,"3H29C302","PICK",false,,false,false,"UNUSED","","550 Flamme",,"","","","","","","NORMAL","LOOSE STOCK","",false,2024-03-24 18:00:00,,142993,="38",false,true,false,"UNUSED",1,"NO","NO","NO"
="1","284735971-1-000001",="284735971","232202M23100203","232202M23100203",2024-03-23 08:00:45,"RESERVED",2024-03-23 08:11:27,1,"LS00220949",="0000169750","","PT-000378756",2024-03-23 11:35:16,="451768","LOW","3H40A706",,"3H40A706","PICK",false,,false,false,"UNUSED","","E899 BLACK",,"","","","","","","NORMAL","LOOSE STOCK","",false,2024-03-24 18:00:00,1969-12-31 19:00:36,1423210,="42",false,true,false,"UNUSED",1,"NO","NO","NO"
="1","284736061-1-000001",="284736061","241314F04500000","241314F04500000",2024-03-23 08:04:51,"RESERVED",2024-03-23 08:11:32,1,"LS00220946",="0000169757","","PT-000378756",2024-03-23 11:35:16,="451743","LOW","3H40A703",,"3H40A703","PICK",false,,false,false,"UNUSED","","N401 Black",,"","","","","","","NORMAL","LOOSE STOCK","",false,2024-03-24 18:00:00,1969-12-31 19:00:36,1423207,"UNI",false,true,false,"UNUSED",1,"NO","NO","NO"
="1","284736281-1-000001",="284736281","231358F12400410","231358F12400410",2024-03-23 08:21:01,"RESERVED",2024-03-23 08:22:15,1,"LS00175748",="0000169780","","PT-000378916",2024-03-23 13:31:28,="303636","LOW","3H32A409",,"3H32A409","PICK",false,,false,false,"UNUSED","","900 BLACK",,"","","","","","","NORMAL","LOOSE STOCK","",false,2024-03-24 18:00:00,1969-12-31 19:00:36,148704,="40",false,true,false,"UNUSED",1,"NO","NO","NO"
="1","284736371-1-000001",="284736371","232161F09700404","232161F09700404",2024-03-23 08:24:44,"RESERVED",2024-03-23 08:25:36,1,"LS00162531",="0000169785","","PT-000378935",2024-03-23 13:36:56,="254972","LOW","3R24E310",,"3R24E310","PICK",false,,false,false,"UNUSED","","Gold Heather",,"","","","","","","NORMAL","LOOSE STOCK","Pick has a PSS Problem",false,2024-03-24 18:00:00,,1543537,"L",false,true,false,"UNUSED",2,"NO","NO","NO"
="2","284736371-2-000002",="284736371","232161F09700501","232161F09700501",2024-03-23 08:24:44,"RESERVED",2024-03-23 14:15:04,1,"LS00184246",="0000169785","","PT-000378954",2024-03-23 13:46:30,="338212","LOW","3R17D201",,"3R17D201","PICK",false,,false,false,"UNUSED","","Core Heather",,"","","","","","","NORMAL","LOOSE STOCK","Pick has a PSS Problem",false,2024-03-24 18:00:00,,1525282,"XS",false,true,false,"UNUSED",2,"NO","NO","NO"
="1","284736591-1-000001",="284736591","231799M23603106","231799M23603106",2024-03-23 08:30:50,"RESERVED",2024-03-23 10:57:30,1,"LS00173411",="0000169803","","PT-000378712",2024-03-23 11:11:28,="279220","LOW","3H11B409",,"3H11B409","PICK",false,,false,false,"UNUSED","","GRAVEL/EGRET/EGRET",,"","","","","","","NORMAL","LOOSE STOCK","",false,2024-03-24 17:00:00,1969-12-31 19:00:36,1410649,="8",false,true,false,"UNUSED",1,"NO","NO","NO"
="1","284537401-1-000001",="284537401","232003F12100008","232003F12100008",2024-03-23 08:35:49,"RESERVED",2024-03-23 08:36:38,1,"LS00213815",="0000169818","","PT-000378999",2024-03-23 14:02:09,="384774","LOW","3H08B805",,"3H08B805","PICK",false,,false,false,"UNUSED","","80999 Black",,"","","","","","","NORMAL","LOOSE STOCK","",false,2024-03-24 15:00:00,1969-12-31 19:00:36,1426487,="39",false,true,false,"UNUSED",1,"NO","NO","NO"
="1","284736831-1-000001",="284736831","241188F11800409","241188F11800409",2024-03-23 08:40:51,"RESERVED",2024-03-23 14:14:38,1,"LS00220369",="0000169841","","PT-000378994",2024-03-23 14:01:00,="446697","LOW","3H37C502",,"3H37C502","PICK",false,,false,false,"UNUSED","","T8013 Black",,"","","","","","","NORMAL","LOOSE STOCK","",false,2024-03-24 17:00:00,,1415406,="39.5",false,true,false,"UNUSED",1,"NO","NO","NO"
="1","284737431-1-000001",="284737431","241232M22500002","241232M22500002",2024-03-23 09:00:53,"RESERVED",2024-03-23 09:02:17,1,"LS00172464",="0000169933","","PT-000378737",2024-03-23 11:25:16,="199108","LOW","3H02C423",,"3H02C423","PICK",false,,false,false,"UNUSED","","111 MILK/MILK",,"","","","","","","NORMAL","LOOSE STOCK","",false,2024-03-24 18:00:00,1969-12-31 19:00:36,1411548,="40",false,true,false,"UNUSED",1,"NO","NO","NO"
="1","284737501-1-000001",="284737501","241608F12800201","241608F12800201",2024-03-23 09:05:45,"RESERVED",2024-03-23 09:06:49,1,"LS00216899",="0000169959","","PT-000378962",2024-03-23 13:54:16,="416270","LOW","3H21B701",,"3H21B701","PICK",false,,false,false,"UNUSED","","Dove",,"","","","","","","NORMAL","LOOSE STOCK","",false,2024-03-24 18:00:00,1969-12-31 19:00:36,1421611,="36",false,true,false,"UNUSED",1,"NO","NO","NO"
="1","284737581-1-000001",="284737581","241144F04800600","241144F04800600",2024-03-23 09:15:47,"RESERVED",2024-03-23 13:37:57,1,"LS00172281",="0000170011","","PT-000378937",2024-03-23 13:37:31,="299089","LOW","3H01A301",,"3H01A301","PICK",false,,false,false,"UNUSED","","943 Leopard",,"","","","","","","NORMAL","LOOSE STOCK","",false,2024-03-24 18:00:00,,140289,"UNI",false,true,false,"UNUSED",1,"NO","NO","NO"
="1","284738101-1-000001",="284738101","241402F12813409","241402F12813409",2024-03-23 09:30:46,"RESERVED",2024-03-23 11:57:44,1,"LS00218898",="0000170098","","PT-000378962",2024-03-23 13:54:16,="432881","LOW","3H30B703",,"3H30B703","PICK",false,,false,false,"UNUSED","","Grey",,"","","","","","","NORMAL","LOOSE STOCK","",false,2024-03-24 17:00:00,1969-12-31 19:00:36,1422364,="9.5",false,true,false,"UNUSED",1,"NO","NO","NO"
="1","284739401-1-000001",="284739401","231404M69800100","231404M69800100",2024-03-23 10:10:45,"RESERVED",2024-03-23 10:11:21,1,"LS00173163",="0000170381","","PT-000378731",2024-03-23 11:21:18,="276834","LOW","3H09C401",,"3H09C401","PICK",false,,false,false,"UNUSED","","2V320 Baby Blue+Bian",,"","","","","","","NORMAL","LOOSE STOCK","",false,2024-03-24 17:00:00,1969-12-31 19:00:36,1410932,="15",false,true,false,"UNUSED",1,"NO","NO","NO"
="1","284740071-1-000001",="284740071","241226F11801101","241226F11801101",2024-03-23 10:20:53,"RESERVED",2024-03-23 10:22:10,1,"LS00217226",="0000170463","","PT-000378985",2024-03-23 13:57:37,="418471","LOW","3H22B819",,"3H22B819","PICK",false,,false,false,"UNUSED","","BLA BLACK",,"","","","","","","NORMAL","LOOSE STOCK","",false,2024-03-24 15:00:00,1969-12-31 19:00:36,1425138,="37",false,true,false,"UNUSED",1,"NO","NO","NO"
="1","284740121-1-000001",="284740121","241338M71100011","241338M71100011",2024-03-23 10:20:54,"RESERVED",2024-03-23 13:59:43,1,"LS00217610",="0000170464","","PT-000378985",2024-03-23 13:57:37,="421751","LOW","3H23C820",,"3H23C820","PICK",false,,false,false,"UNUSED","","Z10 DENIM BLUE",,"","","","","","","NORMAL","LOOSE STOCK","",false,2024-03-24 17:00:00,1969-12-31 19:00:36,1425078,="38",false,true,false,"UNUSED",1,"NO","NO","NO"
="1","284740031-1-000001",="284740031","231528F12500911","231528F12500911",2024-03-23 10:20:57,"RESERVED",2024-03-23 10:22:01,1,"LS00219941",="0000170462","","PT-000378956",2024-03-23 13:49:50,="442290","LOW","3H36A707",,"3H36A707","PICK",false,,false,false,"UNUSED","","100 Black",,"","","","","","","NORMAL","LOOSE STOCK","",false,2024-03-24 18:00:00,1969-12-31 19:00:36,1422847,="40.5",false,true,false,"UNUSED",1,"NO","NO","NO"
="1","284740261-1-000001",="284740261","241011M23713712","241011M23713712",2024-03-23 10:30:44,"RESERVED",2024-03-23 11:40:59,1,"LS00175192",="0000170526","","PT-000378955",2024-03-23 13:49:25,="298275","LOW","3H28A307",,"3H28A307","PICK",false,,false,false,"UNUSED","","CHLOROPHYLL/CHLOROPH",,"","","","","","","NORMAL","LOOSE STOCK","",false,2024-03-24 17:00:00,,142689,="13",false,true,false,"UNUSED",1,"NO","NO","NO"
="1","284740841-1-000001",="284740841","232161M21300001","232161M21300001",2024-03-23 10:44:48,"RESERVED",2024-03-23 14:00:13,3,"LS00222281",="0000170622","","PT-000378892",2024-03-23 13:16:51,="311999","LOW","3R13A268",,"3R13A268","PICK",false,,false,false,"UNUSED","","Jet Black",,"","","","","","","NORMAL","LOOSE STOCK","Pick has a PSS Problem",false,2024-03-24 15:00:00,,1521045,"XS",false,true,false,"UNUSED",3,"NO","NO","NO"
="1","284741491-1-000001",="284741491","241610F12800900","241610F12800900",2024-03-23 11:00:47,"RESERVED",2024-03-23 11:01:22,1,"LS00214369",="0000170726","","PT-000378962",2024-03-23 13:54:16,="390006","LOW","3H10B707",,"3H10B707","PICK",false,,false,false,"UNUSED","","Extra White",,"","","","","","","NORMAL","LOOSE STOCK","",false,2024-03-24 18:00:00,1969-12-31 19:00:36,1420398,="35",false,true,false,"UNUSED",1,"NO","NO","NO"
="1","284741521-1-000001",="284741521","241011F12816513","241011F12816513",2024-03-23 11:00:51,"RESERVED",2024-03-23 11:02:01,1,"LS00218438",="0000170731","","PT-000378947",2024-03-23 13:42:09,="429489","LOW","3H28C716",,"3H28C716","PICK",false,,false,false,"UNUSED","","Lt Smoke Grey/Black",,"","","","","","","NORMAL","LOOSE STOCK","",false,2024-03-24 15:00:00,1969-12-31 19:00:36,1422153,"US 11.5 Wo",false,true,false,"UNUSED",1,"NO","NO","NO"
="1","284741471-1-000001",="284741471","232161M21300001","232161M21300001",2024-03-23 11:05:43,"RESERVED",2024-03-23 14:00:53,1,"LS00222281",="0000170759","","PT-000378993",2024-03-23 14:00:35,="311999","LOW","3R13A268",,"3R13A268","PICK",false,,false,false,"UNUSED","","Jet Black",,"","","","","","","NORMAL","LOOSE STOCK","",false,2024-03-24 17:00:00,,1521045,"XS",false,true,false,"UNUSED",1,"NO","NO","NO"
="1","284742281-1-000001",="284742281","241011M23706504","241011M23706504",2024-03-23 11:10:49,"RESERVED",2024-03-23 11:11:44,1,"LS00218635",="0000170798","","PT-000378947",2024-03-23 13:42:09,="430920","LOW","3H29B721",,"3H29B721","PICK",false,,false,false,"UNUSED","","OIL GREEN/OIL GREEN-",,"","","","","","","NORMAL","LOOSE STOCK","",false,2024-03-24 18:00:00,1969-12-31 19:00:36,1422219,="9",false,true,false,"UNUSED",1,"NO","NO","NO"
="1","284742051-1-000001",="284742051","241379F04905300","241379F04905300",2024-03-23 11:10:50,"RESERVED",2024-03-23 11:11:44,1,"LS00175386",="0000170790","","PT-000378712",2024-03-23 11:11:28,="300355","LOW","3H29B401",,"3H29B401","PICK",false,,false,false,"UNUSED","","00M50 Raw Sienna",,"","","","","","","NORMAL","LOOSE STOCK","",false,2024-03-24 15:00:00,1969-12-31 19:00:36,149011,"UNI",false,true,false,"UNUSED",1,"NO","NO","NO"
="1","284742381-1-000001",="284742381","241445M23604010","241445M23604010",2024-03-23 11:10:51,"RESERVED",2024-03-23 11:11:49,1,"LS00220285",="0000170804","","PT-000378994",2024-03-23 14:01:00,="445948","LOW","3H37B514",,"3H37B514","PICK",false,,false,false,"UNUSED","","WHITE/YELLOW OCHRE-B",,"","","","","","","NORMAL","LOOSE STOCK","",false,2024-03-24 17:00:00,,1415309,="12",false,true,false,"UNUSED",1,"NO","NO","NO"
="1","284716981-1-000001",="284716981","241264F12802101","241264F12802101",2024-03-23 02:01:52,"RESERVED",2024-03-23 13:32:40,1,"LS00175944",="0000169310","","PT-000378916",2024-03-23 13:31:28,="305824","LOW","3H33B413",,"3H33B413","PICK",false,,false,false,"UNUSED","","82532 Optic White",,"","","","","","","NORMAL","LOOSE STOCK","",false,2024-03-24 17:00:00,1969-12-31 19:00:36,148508,="35",false,true,false,"UNUSED",1,"NO","NO","NO"
="1","284742471-1-000001",="284742471","222653F12101500","222653F12101500",2024-03-23 11:20:48,"RESERVED",2024-03-23 11:21:24,1,"LS00174357",="0000170850","","PT-000378731",2024-03-23 11:21:18,="290061","LOW","3H20A407",,"3H20A407","PICK",false,,false,false,"UNUSED","","2B050 Black",,"","","","","","","NORMAL","LOOSE STOCK","",false,2024-03-24 15:00:00,1969-12-31 19:00:36,149865,"S",false,true,false,"UNUSED",1,"NO","NO","NO"
="1","284743251-1-000001",="284743251","241264F12802004","241264F12802004",2024-03-23 11:30:54,"RESERVED",2024-03-23 11:31:45,1,"LS00176034",="0000170923","","PT-000378884",2024-03-23 13:15:20,="307047","LOW","3H36A407",,"3H36A407","PICK",false,,false,false,"UNUSED","","11691 Optic White/P",,"","","","","","","NORMAL","LOOSE STOCK","",false,2024-03-24 15:00:00,1969-12-31 19:00:36,148314,="38",false,true,false,"UNUSED",1,"NO","NO","NO"
="1","284743441-1-000001",="284743441","241140F12203806","241140F12203806",2024-03-23 11:30:55,"RESERVED",2024-03-23 13:59:55,1,"LS00175094",="0000170929","","PT-000378955",2024-03-23 13:49:25,="296916","LOW","3H25B305",,"3H25B305","PICK",false,,false,false,"UNUSED","","2504 Dnud",,"","","","","","","NORMAL","LOOSE STOCK","",false,2024-03-24 18:00:00,,142615,="36",false,true,false,"UNUSED",1,"NO","NO","NO"
="1","284743801-1-000001",="284743801","241011M23704910","241011M23704910",2024-03-23 11:40:46,"RESERVED",2024-03-23 14:11:01,1,"LS00218650",="0000171005","","PT-000379009",2024-03-23 14:11:20,="431068","LOW","3H29B812",,"3H29B812","PICK",false,,false,false,"UNUSED","","PURE PLATINUM/WHITE-",,"","","","","","","NORMAL","LOOSE STOCK","",false,2024-03-24 15:00:00,,1424452,="12",false,true,false,"UNUSED",1,"NO","NO","NO"
="1","284743541-1-000001",="284743541","241094F12002009","241094F12002009",2024-03-23 11:40:51,"RESERVED",2024-03-23 11:41:31,1,"LS00175655",="0000171001","","PT-000378982",2024-03-23 13:56:57,="302784","LOW","3H31B410",,"3H31B410","PICK",false,,false,false,"UNUSED","","Maple Suede",,"","","","","","","NORMAL","LOOSE STOCK","",false,2024-03-24 17:00:00,,148723,="10",false,true,false,"UNUSED",1,"NO","NO","NO"
="1","284743961-1-000001",="284743961","231731F06300801","231731F06300801",2024-03-23 11:45:45,"RESERVED",2024-03-23 11:46:38,1,"LS00198140",="0000171043","","PT-000378769",2024-03-23 11:46:40,="348044","LOW","3R13J450",,"3R13J450","PICK",false,,false,false,"UNUSED","","Khaki",,"","","","","","","NORMAL","LOOSE STOCK","",false,2024-03-24 18:00:00,,1554570,="2",false,true,false,"UNUSED",1,"NO","NO","NO"
="1","284744291-1-000001",="284744291","232402F12700402","232402F12700402",2024-03-23 11:50:47,"RESERVED",2024-03-23 11:51:22,1,"LS00218908",="0000171071","","PT-000378962",2024-03-23 13:54:16,="432972","LOW","3H30B713",,"3H30B713","PICK",false,,false,false,"UNUSED","","White/Black",,"","","","","","","NORMAL","LOOSE STOCK","",false,2024-03-24 18:00:00,1969-12-31 19:00:36,1422271,"US 6 Women",false,true,false,"UNUSED",1,"NO","NO","NO"
="1","284744101-1-000001",="284744101","232688M23100204","232688M23100204",2024-03-23 11:50:53,"RESERVED",2024-03-23 13:22:36,1,"LS00154535",="0000171068","","PT-000378902",2024-03-23 13:22:40,="237141","LOW","3H56B315",,"3H56B315","PICK",false,,false,false,"UNUSED","","BLUE",,"","","","","","","NORMAL","LOOSE STOCK","",false,2024-03-24 17:00:00,1969-12-31 19:00:36,145467,="43",false,true,false,"UNUSED",1,"NO","NO","NO"
="1","284744621-1-000001",="284744621","241886F12801704","241886F12801704",2024-03-23 11:50:55,"RESERVED",2024-03-23 13:21:33,1,"LS00219413",="0000171086","","PT-000378960",2024-03-23 13:51:30,="436866","LOW","3H32B507",,"3H32B507","PICK",false,,false,false,"UNUSED","","Pink",,"","","","","","","NORMAL","LOOSE STOCK","",false,2024-03-24 17:00:00,,1414708,="39",false,true,false,"UNUSED",1,"NO","NO","NO"
="1","284744691-1-000001",="284744691","241092F12804102","241092F12804102",2024-03-23 12:00:46,"RESERVED",2024-03-23 13:43:09,1,"LS00213099",="0000171122","","PT-000378943",2024-03-23 13:41:30,="377650","LOW","3H04A609",,"3H04A609","PICK",false,,false,false,"UNUSED","","Vanilla/White Sage",,"","","","","","","NORMAL","LOOSE STOCK","",false,2024-03-24 15:00:00,,1419176,"US 6.5 Wom",false,true,false,"UNUSED",1,"NO","NO","NO"
="1","284744861-1-000001",="284744861","241126F12701707","241126F12701707",2024-03-23 12:00:49,"RESERVED",2024-03-23 12:01:28,1,"LS00153470",="0000171124","","PT-000378982",2024-03-23 13:56:57,="226512","LOW","3H44C422",,"3H44C422","PICK",false,,false,false,"UNUSED","","911 Black/Milk/Milk",,"","","","","","","NORMAL","LOOSE STOCK","",false,2024-03-24 18:00:00,,147626,="38.5",false,true,false,"UNUSED",1,"NO","NO","NO"
="1","284744781-1-000001",="284744781","241610F12802502","241610F12802502",2024-03-23 12:00:57,"RESERVED",2024-03-23 12:02:03,1,"LS00174759",="0000171126","","PT-000378937",2024-03-23 13:37:31,="293331","LOW","3H23A301",,"3H23A301","PICK",false,,false,false,"UNUSED","","Extra White/Steel",,"","","","","","","NORMAL","LOOSE STOCK","",false,2024-03-24 17:00:00,,142235,="37",false,true,false,"UNUSED",1,"NO","NO","NO"
="1","284744871-1-000001",="284744871","241126M23602914","241126M23602914",2024-03-23 12:05:44,"RESERVED",2024-03-23 12:06:28,1,"LS00174557",="0000171145","","PT-000378731",2024-03-23 11:21:18,="291771","LOW","3H21B415",,"3H21B415","PICK",false,,false,false,"UNUSED","","911 BLACK/MILK/MILK",,"","","","","","","NORMAL","LOOSE STOCK","",false,2024-03-24 18:00:00,,149661,="46",false,true,false,"UNUSED",1,"NO","NO","NO"
="1","284745751-1-000001",="284745751","241553F11002805","241553F11002805",2024-03-23 12:10:55,"RESERVED",2024-03-23 12:12:02,1,"LS00096210",="0000171167","","PT-000378822",2024-03-23 12:42:31,="116738","LOW","3F82G213",,"3F82G213","PICK",false,,false,false,"UNUSED","","530 Light Khaki",,"","","","","","","NORMAL","LOOSE STOCK","",false,2024-03-24 15:00:00,,1359606,"XL",false,true,false,"UNUSED",1,"NO","NO","NO"
="1","284745531-1-000001",="284745531","241837M23702103","241837M23702103",2024-03-23 12:10:56,"RESERVED",2024-03-23 12:12:00,1,"LS00174161",="0000171162","","PT-000378731",2024-03-23 11:21:18,="288129","LOW","3H18C402",,"3H18C402","PICK",false,,false,false,"UNUSED","","White/White/Lunar Ro",,"","","","","","","NORMAL","LOOSE STOCK","",false,2024-03-24 17:00:00,,1410181,="7.5",false,true,false,"UNUSED",1,"NO","NO","NO"
="1","284745781-1-000001",="284745781","232195F12800306","232195F12800306",2024-03-23 12:10:59,"RESERVED",2024-03-23 12:12:00,1,"LS00217568",="0000171168","","PT-000378756",2024-03-23 11:35:16,="421365","LOW","3H23C702",,"3H23C702","PICK",false,,false,false,"UNUSED","","WHITE/ GREEN",,"","","","","","","NORMAL","LOOSE STOCK","",false,2024-03-24 17:00:00,1969-12-31 19:00:36,1421642,="6",false,true,false,"UNUSED",1,"NO","NO","NO"
="1","284745721-1-000001",="284745721","241445M17100300","241445M17100300",2024-03-23 12:15:51,"RESERVED",2024-03-23 12:17:01,1,"LS00220962",="0000171189","","PT-000378756",2024-03-23 11:35:16,="451940","LOW","3H40A719",,"3H40A719","PICK",false,,false,false,"UNUSED","","001 BLACK",,"","","","","","","NORMAL","LOOSE STOCK","",false,2024-03-24 18:00:00,1969-12-31 19:00:36,1423344,"UNI",false,true,false,"UNUSED",1,"NO","NO","NO"
="1","284746191-1-000001",="284746191","232553F10901202","232553F10901202",2024-03-23 12:20:45,"RESERVED",2024-03-23 12:21:22,1,"LS00098200",="0000171204","","PT-000378822",2024-03-23 12:42:31,="121825","LOW","3F86B109",,"3F86B109","PICK",false,,false,false,"UNUSED","","100 White",,"","","","","","","NORMAL","LOOSE STOCK","",false,2024-03-24 17:00:00,,1363145,="36",false,true,false,"UNUSED",1,"NO","NO","NO"
="1","284745981-1-000001",="284745981","241553F04804500","241553F04804500",2024-03-23 12:20:46,"RESERVED",2024-03-23 12:21:24,1,"LS00174489",="0000171200","","PT-000378937",2024-03-23 13:37:31,="291139","LOW","3H21A319",,"3H21A319","PICK",false,,false,false,"UNUSED","","120 Ivory",,"","","","","","","NORMAL","LOOSE STOCK","",false,2024-03-24 17:00:00,,142041,"UNI",false,true,false,"UNUSED",1,"NO","NO","NO"
="1","284745831-1-000001",="284745831","241492F05200303","241492F05200303",2024-03-23 12:20:48,"RESERVED",2024-03-23 12:21:27,1,"LS00103135",="0000171197","","PT-000378707",2024-03-23 11:06:44,="134780","LOW","3F94B207",,"3F94B207","PICK",false,,false,false,"UNUSED","","RED",,"","","","","","","NORMAL","LOOSE STOCK","Pick has a PSS Problem",false,2024-03-24 17:00:00,,1368217,"M",false,true,false,"UNUSED",2,"NO","NO","NO"
="2","284745831-2-000002",="284745831","241492F07400203","241492F07400203",2024-03-23 12:20:48,"RESERVED",2024-03-23 12:21:25,1,"LS00102496",="0000171197","","PT-000378707",2024-03-23 11:06:44,="133280","LOW","3F93A224",,"3F93A224","PICK",false,,false,false,"UNUSED","","RED",,"","","","","","","NORMAL","LOOSE STOCK","Pick has a PSS Problem",false,2024-03-24 17:00:00,,1367814,"M",false,true,false,"UNUSED",2,"NO","NO","NO"
="1","284746251-1-000001",="284746251","241402F12823905","241402F12823905",2024-03-23 12:25:44,"RESERVED",2024-03-23 12:26:25,1,"LS00174890",="0000171224","","PT-000378716",2024-03-23 11:11:28,="294825","LOW","3H23C412",,"3H23C412","PICK",false,,false,false,"UNUSED","","Linen",,"","","","","","","NORMAL","LOOSE STOCK","Pick has a PSS Problem",false,2024-03-24 15:00:00,,149470,="7.5",false,true,false,"UNUSED",2,"NO","NO","NO"
="2","284746251-2-000002",="284746251","241011F12811705","241011F12811705",2024-03-23 12:25:44,"RESERVED",2024-03-23 12:26:29,1,"LS00172745",="0000171224","","PT-000378716",2024-03-23 11:11:28,="272046","LOW","3H04C416",,"3H04C416","PICK",false,,false,false,"UNUSED","","White/Platinum Viole",,"","","","","","","NORMAL","LOOSE STOCK","Pick has a PSS Problem",false,2024-03-24 15:00:00,,1411450,="7.5",false,true,false,"UNUSED",2,"NO","NO","NO"
="1","284745941-1-000001",="284745941","232161M21300001","232161M21300001",2024-03-23 12:25:49,"RESERVED",2024-03-23 14:00:28,1,"LS00222283",="0000171226","","PT-000378993",2024-03-23 14:00:35,="332682","LOW","3R13A266",,"3R13A266","PICK",false,,false,false,"UNUSED","","Jet Black",,"","","","","","","NORMAL","LOOSE STOCK","",false,2024-03-24 15:00:00,,1521043,"XS",false,true,false,"UNUSED",1,"NO","NO","NO"
="1","284746541-1-000001",="284746541","232404F12100406","232404F12100406",2024-03-23 12:30:49,"RESERVED",2024-03-23 12:31:29,1,"LS00174901",="0000171235","","PT-000378716",2024-03-23 11:11:28,="294952","LOW","3H23C423",,"3H23C423","PICK",false,,false,false,"UNUSED","","1B00V-Black-Versace",,"","","","","","","NORMAL","LOOSE STOCK","Pick has a PSS Problem",false,2024-03-24 18:00:00,,149566,="38",false,true,false,"UNUSED",2,"NO","NO","NO"
="2","284746541-2-000002",="284746541","232404F12100402","232404F12100402",2024-03-23 12:30:49,"RESERVED",2024-03-23 12:31:21,1,"LS00174948",="0000171235","","PT-000378716",2024-03-23 11:11:28,="295284","LOW","3H24A423",,"3H24A423","PICK",false,,false,false,"UNUSED","","1B00V-Black-Versace",,"","","","","","","NORMAL","LOOSE STOCK","Pick has a PSS Problem",false,2024-03-24 18:00:00,,149603,="36",false,true,false,"UNUSED",2,"NO","NO","NO"
="1","284546021-1-000001",="284546021","241011M23708612","241011M23708612",2024-03-23 12:30:49,"RESERVED",2024-03-23 12:32:04,1,"LS00175846",="0000171239","","PT-000378884",2024-03-23 13:15:20,="304621","LOW","3H32C411",,"3H32C411","PICK",false,,false,false,"UNUSED","","BLACK/UNIVERSITY GOL",,"","","","","","","NORMAL","LOOSE STOCK","",false,2024-03-24 17:00:00,1969-12-31 19:00:36,148693,="13",false,true,false,"UNUSED",1,"NO","NO","NO"
="1","284746671-1-000001",="284746671","241011F12807011","241011F12807011",2024-03-23 12:30:50,"RESERVED",2024-03-23 14:07:52,1,"LS00218917",="0000171244","","PT-000379002",2024-03-23 14:03:05,="433076","LOW","3H30B724",,"3H30B724","PICK",false,,false,false,"UNUSED","","Wheat Gold/Saturn",,"","","","","","","NORMAL","LOOSE STOCK","",false,2024-03-24 17:00:00,1969-12-31 19:00:36,1422246,="10.5",false,true,false,"UNUSED",1,"NO","NO","NO"
="1","284746611-1-000001",="284746611","241415F12501004","241415F12501004",2024-03-23 12:30:52,"RESERVED",2024-03-23 14:00:59,1,"LS00218478",="0000171242","","PT-000378960",2024-03-23 13:51:30,="429870","LOW","3H29A508",,"3H29A508","PICK",false,,false,false,"UNUSED","","White",,"","","","","","","NORMAL","LOOSE STOCK","",false,2024-03-24 17:00:00,,1414551,="37",false,true,false,"UNUSED",1,"NO","NO","NO"
="1","284746891-1-000001",="284746891","241513M23102202","241513M23102202",2024-03-23 12:30:53,"RESERVED",2024-03-23 13:43:09,1,"LS00220312",="0000171248","","PT-000378943",2024-03-23 13:41:30,="446222","LOW","3H37B617",,"3H37B617","PICK",false,,false,false,"UNUSED","","Mocha Suede",,"","","","","","","NORMAL","LOOSE STOCK","",false,2024-03-24 17:00:00,,1415863,="43",false,true,false,"UNUSED",1,"NO","NO","NO"
="1","284746871-1-000001",="284746871","232546M23703505","232546M23703505",2024-03-23 12:30:55,"RESERVED",2024-03-23 13:45:31,1,"LS00173446",="0000171247","","PT-000378937",2024-03-23 13:37:31,="279595","LOW","3H11C320",,"3H11C320","PICK",false,,false,false,"UNUSED","","GREEN",,"","","","","","","NORMAL","LOOSE STOCK","",false,2024-03-24 17:00:00,,141248,="10",false,true,false,"UNUSED",1,"NO","NO","NO"
="1","284746981-1-000001",="284746981","241751M23703506","241751M23703506",2024-03-23 12:30:57,"RESERVED",2024-03-23 12:32:02,1,"LS00175856",="0000171251","","PT-000378884",2024-03-23 13:15:20,="304706","LOW","3H32C421",,"3H32C421","PICK",false,,false,false,"UNUSED","","CLOWHI/CBLACK/GUM4",,"","","","","","","NORMAL","LOOSE STOCK","",false,2024-03-24 17:00:00,1969-12-31 19:00:36,148788,="9",false,true,false,"UNUSED",1,"NO","NO","NO"
="1","284746641-1-000001",="284746641","222161F09701200","222161F09701200",2024-03-23 12:35:43,"RESERVED",2024-03-23 12:36:49,1,"LS00098916",="0000171267","","PT-000378822",2024-03-23 12:42:31,="123583","LOW","3F87D104",,"3F87D104","PICK",false,,false,false,"UNUSED","","Coral",,"","","","","","","NORMAL","LOOSE STOCK","",false,2024-03-24 18:00:00,,1363370,"XXS",false,true,false,"UNUSED",1,"NO","NO","NO"
="1","284747441-1-000001",="284747441","241729M21200301","241729M21200301",2024-03-23 12:40:48,"RESERVED",2024-03-23 12:41:27,1,"LS00102270",="0000171287","","PT-000378822",2024-03-23 12:42:31,="132678","LOW","3F92H130",,"3F92H130","PICK",false,,false,false,"UNUSED","","46-ROSE BROWN",,"","","","","","","NORMAL","LOOSE STOCK","",false,2024-03-24 17:00:00,,1366778,="3",false,true,false,"UNUSED",1,"NO","NO","NO"
="1","284747351-1-000001",="284747351","241841F09700202","241841F09700202",2024-03-23 12:40:50,"RESERVED",2024-03-23 12:42:10,1,"LS00082688",="0000171292","","PT-000378825",2024-03-23 12:44:05,="80131","LOW","3F58I125",,"3F58I125","PICK",false,,false,false,"UNUSED","","Heather gray",,"","","","","","","NORMAL","LOOSE STOCK","",false,2024-03-24 18:00:00,1969-12-31 19:00:36,1345363,"M",false,true,false,"UNUSED",1,"NO","NO","NO"
="1","284747361-1-000001",="284747361","231224F11000700","231224F11000700",2024-03-23 12:40:51,"RESERVED",2024-03-23 12:42:04,1,"LS00192872",="0000171293","","PT-000378769",2024-03-23 11:46:40,="65144","LOW","3R02A421",,"3R02A421","PICK",false,,false,false,"UNUSED","","Lotto",,"","","","","","","NORMAL","LOOSE STOCK","",false,2024-03-24 17:00:00,,1545406,"XXS",false,true,false,"UNUSED",1,"NO","NO","NO"
="1","284747301-1-000001",="284747301","232480M22002600","232480M22002600",2024-03-23 12:45:42,"RESERVED",2024-03-23 12:46:42,1,"LS00098714",="0000171327","","PT-000378822",2024-03-23 12:42:31,="123049","LOW","3F86J215",,"3F86J215","PICK",false,,false,false,"UNUSED","","Lightspeed / Blue",,"","","","","","","NORMAL","LOOSE STOCK","",false,2024-03-24 17:00:00,,1362353,"S-M",false,true,false,"UNUSED",1,"NO","NO","NO"
="1","284747721-1-000001",="284747721","232967M21301501","232967M21301501",2024-03-23 12:50:47,"RESERVED",2024-03-23 12:51:24,1,"LS00098736",="0000171367","","PT-000378822",2024-03-23 12:42:31,="123103","LOW","3F87A107",,"3F87A107","PICK",false,,false,false,"UNUSED","","IVORY ORANGE",,"","","","","","","NORMAL","LOOSE STOCK","",false,2024-03-24 17:00:00,,1363531,"S",false,true,false,"UNUSED",1,"NO","NO","NO"
="1","284747761-1-000001",="284747761","241799M23606301","241799M23606301",2024-03-23 12:50:49,"RESERVED",2024-03-23 12:51:25,1,"LS00220128",="0000171370","","PT-000379002",2024-03-23 14:03:05,="444547","LOW","3H36C702",,"3H36C702","PICK",false,,false,false,"UNUSED","","EGRET/BEACH STONE/CH",,"","","","","","","NORMAL","LOOSE STOCK","",false,2024-03-24 18:00:00,1969-12-31 19:00:36,1422806,="7.5",false,true,false,"UNUSED",1,"NO","NO","NO"
="1","284748041-1-000001",="284748041","231003F09800005","231003F09800005",2024-03-23 12:50:52,"RESERVED",2024-03-23 12:51:42,1,"LS00084232",="0000171380","","PT-000378825",2024-03-23 12:44:05,="84353","LOW","3F60J134",,"3F60J134","PICK",false,,false,false,"UNUSED","","N0000 Nero",,"","","","","","","NORMAL","LOOSE STOCK","",false,2024-03-24 17:00:00,1969-12-31 19:00:36,1346703,"XL",false,true,false,"UNUSED",1,"NO","NO","NO"
="1","284747961-1-000001",="284747961","241399F12101301","241399F12101301",2024-03-23 12:50:56,"RESERVED",2024-03-23 12:51:47,1,"LS00219039",="0000171379","","PT-000378960",2024-03-23 13:51:30,="434130","LOW","3H31A506",,"3H31A506","PICK",false,,false,false,"UNUSED","","Black E.H Suede",,"","","","","","","NORMAL","LOOSE STOCK","",false,2024-03-24 15:00:00,,1414652,="6",false,true,false,"UNUSED",1,"NO","NO","NO"
="1","284748131-1-000001",="284748131","241445F12701009","241445F12701009",2024-03-23 12:50:56,"RESERVED",2024-03-23 12:51:49,1,"LS00174282",="0000171383","","PT-000378937",2024-03-23 13:37:31,="289389","LOW","3H19C302",,"3H19C302","PICK",false,,false,false,"UNUSED","","White/Lucky Green",,"","","","","","","NORMAL","LOOSE STOCK","",false,2024-03-24 17:00:00,,141860,="9.5",false,true,false,"UNUSED",1,"NO","NO","NO"
="1","OUT-MD-0001880-1-000001","OUT-MD-0001880","241720M69300103","241720M69300103",2024-03-23 12:51:18,"RESERVED",2024-03-23 12:52:08,1,"LS00101072",="0000171394","","PT-000378842",2024-03-23 12:52:10,="129568","MEDIUM","3F90I122",,"3F90I122","PICK",false,,false,false,"UNUSED","","50209 Sgr Rose",,"","","","","","","NORMAL","LOOSE STOCK","",false,2024-03-23 16:30:00,,1365623,"12-18M",false,true,false,"UNUSED",1,"NO","YES","YES"
="1","284747891-1-000001",="284747891","231387F09700001","231387F09700001",2024-03-23 12:55:44,"RESERVED",2024-03-23 12:56:41,1,"LS00080935",="0000171437","","PT-000378825",2024-03-23 12:44:05,="75459","LOW","3F56E102",,"3F56E102","PICK",false,,false,false,"UNUSED","","30 - Rose",,"","","","","","","NORMAL","LOOSE STOCK","",false,2024-03-24 18:00:00,1969-12-31 19:00:36,1342637,"S",false,true,false,"UNUSED",1,"NO","NO","NO"
="1","284748021-1-000001",="284748021","232133M22300302","232133M22300302",2024-03-23 12:55:45,"RESERVED",2024-03-23 12:56:40,1,"LS00174397",="0000171438","","PT-000378937",2024-03-23 13:37:31,="290456","LOW","3H20B323",,"3H20B323","PICK",false,,false,false,"UNUSED","","7547 BLACK",,"","","","","","","NORMAL","LOOSE STOCK","",false,2024-03-24 15:00:00,,142009,="41",false,true,false,"UNUSED",1,"NO","NO","NO"
="1","284747671-1-000001",="284747671","241553F07600802","241553F07600802",2024-03-23 12:55:49,"RESERVED",2024-03-23 12:56:47,1,"LS00097403",="0000171434","","PT-000378822",2024-03-23 12:42:31,="119897","LOW","3F84H130",,"3F84H130","PICK",false,,false,false,"UNUSED","","5BJ Jacd Green/Beige",,"","","","","","","NORMAL","LOOSE STOCK","",false,2024-03-24 18:00:00,,1361224,"39-42",false,true,false,"UNUSED",1,"NO","NO","NO"
="1","284748351-1-000001",="284748351","232803M21300703","232803M21300703",2024-03-23 13:00:43,"RESERVED",2024-03-23 13:01:25,1,"LS00084075",="0000171471","","PT-000378825",2024-03-23 12:44:05,="83897","LOW","3F60H122",,"3F60H122","PICK",false,,false,false,"UNUSED","","BLACK DRY CREPE",,"","","","","","","NORMAL","LOOSE STOCK","",false,2024-03-24 17:00:00,1969-12-31 19:00:36,1346455,="50",false,true,false,"UNUSED",1,"NO","NO","NO"
="1","284748501-1-000001",="284748501","232607F12400605","232607F12400605",2024-03-23 13:00:45,"RESERVED",2024-03-23 13:01:23,1,"LS00175258",="0000171474","","PT-000378955",2024-03-23 13:49:25,="298991","LOW","3H28B324",,"3H28B324","PICK",false,,false,false,"UNUSED","","BLACKOUT",,"","","","","","","NORMAL","LOOSE STOCK","",false,2024-03-24 17:00:00,,142785,="10",false,true,false,"UNUSED",1,"NO","NO","NO"
="1","284748311-1-000001",="284748311","232635M20100304","232635M20100304",2024-03-23 13:00:47,"RESERVED",2024-03-23 13:01:24,1,"LS00098311",="0000171469","","PT-000378822",2024-03-23 12:42:31,="122092","LOW","3F86C225",,"3F86C225","PICK",false,,false,false,"UNUSED","","Oat",,"","","","","","","NORMAL","LOOSE STOCK","",false,2024-03-24 17:00:00,,1362032,"XXL",false,true,false,"UNUSED",1,"NO","NO","NO"
="1","284748731-1-000001",="284748731","241209F12101005","241209F12101005",2024-03-23 13:00:56,"RESERVED",2024-03-23 13:01:36,1,"LS00174538",="0000171484","","PT-000378937",2024-03-23 13:37:31,="291569","LOW","3H21B320",,"3H21B320","PICK",false,,false,false,"UNUSED","","Tundra",,"","","","","","","NORMAL","LOOSE STOCK","",false,2024-03-24 17:00:00,,142048,="9",false,true,false,"UNUSED",1,"NO","NO","NO"
="1","284748791-1-000001",="284748791","241209M71900302","241209M71900302",2024-03-23 13:00:57,"RESERVED",2024-03-23 13:01:39,1,"LS00174353",="0000171486","","PT-000378731",2024-03-23 11:21:18,="290036","LOW","3H20A403",,"3H20A403","PICK",false,,false,false,"UNUSED","","208191-1FT Atmosphe",,"","","","","","","NORMAL","LOOSE STOCK","",false,2024-03-24 17:00:00,,149825,="5",false,true,false,"UNUSED",1,"NO","NO","NO"
="1","284748801-1-000001",="284748801","231482F09702801","231482F09702801",2024-03-23 13:00:57,"RESERVED",2024-03-23 13:01:33,1,"LS00197311",="0000171487","","PT-000378769",2024-03-23 11:46:40,="346426","LOW","3R12D401",,"3R12D401","PICK",false,,false,false,"UNUSED","","507 Digital Violet",,"","","","","","","NORMAL","LOOSE STOCK","",false,2024-03-24 17:00:00,,1552442,"XS",false,true,false,"UNUSED",1,"NO","NO","NO"
="1","284748521-1-000001",="284748521","231573F07600000","231573F07600000",2024-03-23 13:04:43,"RESERVED",2024-03-23 13:05:49,1,"LS00096042",="0000171519","","PT-000378822",2024-03-23 12:42:31,="116126","LOW","3F82D223",,"3F82D223","PICK",false,,false,false,"UNUSED","","White/White",,"","","","","","","NORMAL","LOOSE STOCK","",false,2024-03-24 17:00:00,,1359418,"UNI",false,true,false,"UNUSED",1,"NO","NO","NO"
="1","284748751-1-000001",="284748751","241477F09000002","241477F09000002",2024-03-23 13:04:44,"RESERVED",2024-03-23 13:05:53,1,"LS00099298",="0000171524","","PT-000378822",2024-03-23 12:42:31,="124635","LOW","3F87J119",,"3F87J119","PICK",false,,false,false,"UNUSED","","999 Black",,"","","","","","","NORMAL","LOOSE STOCK","",false,2024-03-24 18:00:00,,1363749,="8",false,true,false,"UNUSED",1,"NO","NO","NO"
="1","284749191-1-000001",="284749191","241492F00101000","241492F00101000",2024-03-23 13:10:47,"RESERVED",2024-03-23 13:11:30,1,"LS00220788",="0000171570","","PT-000378756",2024-03-23 11:35:16,="450258","LOW","3H39B713",,"3H39B713","PICK",false,,false,false,"UNUSED","","26 Black",,"","","","","","","NORMAL","LOOSE STOCK","",false,2024-03-24 15:00:00,1969-12-31 19:00:36,1423283,"UNI",false,true,false,"UNUSED",1,"NO","NO","NO"
="1","284749081-1-000001",="284749081","241837M23703305","241837M23703305",2024-03-23 13:10:50,"RESERVED",2024-03-23 13:55:06,1,"LS00218096",="0000171571","","PT-000378960",2024-03-23 13:51:30,="426053","LOW","3H25C511",,"3H25C511","PICK",false,,false,false,"UNUSED","","Ghost Gray/Ghost Gra",,"","","","","","","NORMAL","LOOSE STOCK","",false,2024-03-24 18:00:00,,1414172,="8.5",false,true,false,"UNUSED",1,"NO","NO","NO"
="1","284749141-1-000001",="284749141","232195M21300204","232195M21300204",2024-03-23 13:10:51,"RESERVED",2024-03-23 13:11:33,1,"LS00096360",="0000171573","","PT-000378822",2024-03-23 12:42:31,="117177","LOW","3F82J113",,"3F82J113","PICK",false,,false,false,"UNUSED","","VUE DE L'ARCHE",,"","","","","","","NORMAL","LOOSE STOCK","",false,2024-03-24 17:00:00,,1360306,"L",false,true,false,"UNUSED",1,"NO","NO","NO"
="1","284749501-1-000001",="284749501","232837F12810106","232837F12810106",2024-03-23 13:10:56,"RESERVED",2024-03-23 13:11:34,1,"LS00173927",="0000171580","","PT-000378880",2024-03-23 13:12:10,="285547","LOW","3H17A408",,"3H17A408","PICK",false,,false,false,"UNUSED","","Vanilla/Buckskin/Haz",,"","","","","","","NORMAL","LOOSE STOCK","",false,2024-03-24 17:00:00,,1410103,"Men US 9.5",false,true,false,"UNUSED",1,"NO","NO","NO"
="1","284749161-1-000001",="284749161","241404F12201906","241404F12201906",2024-03-23 13:11:01,"RESERVED",2024-03-23 14:07:26,1,"LS00153180",="0000171574","","PT-000378982",2024-03-23 13:56:57,="223494","LOW","3H42C420",,"3H42C420","PICK",false,,false,false,"UNUSED","","Pink",,"","","","","","","NORMAL","LOOSE STOCK","",false,2024-03-24 17:00:00,,147703,="38",false,true,false,"UNUSED",1,"NO","NO","NO"
="1","284747151-1-000001",="284747151","241415F12202110","241415F12202110",2024-03-23 13:14:12,"RESERVED",2024-03-23 13:15:24,1,"LS00219613",="0000171612","","PT-000378960",2024-03-23 13:51:30,="438603","LOW","3H33A515",,"3H33A515","PICK",false,,false,false,"UNUSED","","Transparent",,"","","","","","","NORMAL","LOOSE STOCK","",false,2024-03-24 15:00:00,,1414916,="40",false,true,false,"UNUSED",1,"NO","NO","NO"
="1","284750491-1-000001",="284750491","241161F09704000","241161F09704000",2024-03-23 13:35:42,"RESERVED",2024-03-23 13:36:53,1,"LS00146851",="0000171816","","PT-000378909",2024-03-23 13:26:58,="211814","LOW","2E91H201",,"2E91H201","PICK",false,,false,false,"UNUSED","","Garden Yellow",,"","","","","","","NORMAL","LOOSE STOCK","",false,2024-03-24 18:00:00,1969-12-31 19:00:36,963315,"XXS",false,true,false,"UNUSED",1,"NO","NO","NO"
="1","284750031-1-000001",="284750031","232232M23604401","232232M23604401",2024-03-23 13:20:49,"RESERVED",2024-03-23 13:21:30,1,"LS00172500",="0000171662","","PT-000378880",2024-03-23 13:12:10,="199447","LOW","3H03A411",,"3H03A411","PICK",false,,false,false,"UNUSED","","911 BLACK/MILK",,"","","","","","","NORMAL","LOOSE STOCK","",false,2024-03-24 18:00:00,,1411409,="39.5",false,true,false,"UNUSED",1,"NO","NO","NO"
="1","284749951-1-000001",="284749951","241886F12803101","241886F12803101",2024-03-23 13:20:51,"RESERVED",2024-03-23 14:06:14,1,"LS00176046",="0000171669","","PT-000378982",2024-03-23 13:56:57,="307202","LOW","3H36A419",,"3H36A419","PICK",false,,false,false,"UNUSED","","Pink",,"","","","","","","NORMAL","LOOSE STOCK","",false,2024-03-24 17:00:00,,148411,="36",false,true,false,"UNUSED",1,"NO","NO","NO"
="1","284750181-1-000001",="284750181","241144F11001804","241144F11001804",2024-03-23 13:20:52,"RESERVED",2024-03-23 13:21:49,1,"LS00058320",="0000171672","","PT-000378900",2024-03-23 13:21:55,="26029","LOW","3F22A124",,"3F22A124","PICK",false,,false,false,"UNUSED","","490 Volcanic Ash",,"","","","","","","NORMAL","LOOSE STOCK","",false,2024-03-24 18:00:00,1969-12-31 19:00:36,1317088,"L",false,true,false,"UNUSED",1,"NO","NO","NO"
="1","1500002474-1-000001",="1500002474","241161M20201903","241161M20201903",2024-03-23 13:25:47,"RESERVED",2024-03-23 13:26:54,1,"LS00147717",="0000171714","","PT-000378909",2024-03-23 13:26:58,="212760","LOW","2E93C104",,"2E93C104","PICK",false,,false,false,"UNUSED","","Jet Black",,"","","","","","","NORMAL","LOOSE STOCK","",false,2024-03-24 18:00:00,1969-12-31 19:00:36,964842,"M",false,true,false,"UNUSED",1,"NO","NO","NO"
="1","284750461-1-000001",="284750461","232923M21302203","232923M21302203",2024-03-23 13:30:49,"RESERVED",2024-03-23 13:31:22,1,"LS00198312",="0000171757","","PT-000378769",2024-03-23 11:46:40,="348281","LOW","3R14C470",,"3R14C470","PICK",false,,false,false,"UNUSED","","BORDEUX",,"","","","","","","NORMAL","LOOSE STOCK","",false,2024-03-24 17:00:00,,1554087,"L",false,true,false,"UNUSED",1,"NO","NO","NO"
="1","284750501-1-000001",="284750501","222161F05900300","222161F05900300",2024-03-23 13:30:51,"RESERVED",2024-03-23 13:31:37,1,"LS00155563",="0000171764","","PT-000378919",2024-03-23 13:32:00,="243475","LOW","3R02E302",,"3R02E302","PICK",false,,false,false,"UNUSED","","Off Black",,"","","","","","","NORMAL","LOOSE STOCK","",false,2024-03-24 15:00:00,,1532499,"XXS",false,true,false,"UNUSED",1,"NO","NO","NO"
="1","284750511-1-000001",="284750511","241402F12826505","241402F12826505",2024-03-23 13:30:53,"RESERVED",2024-03-23 13:31:40,1,"LS00175577",="0000171765","","PT-000378916",2024-03-23 13:31:28,="302028","LOW","3H30C424",,"3H30C424","PICK",false,,false,false,"UNUSED","","Turtledove",,"","","","","","","NORMAL","LOOSE STOCK","",false,2024-03-24 15:00:00,1969-12-31 19:00:36,148870,="7.5",false,true,false,"UNUSED",1,"NO","NO","NO"
="1","284750731-1-000001",="284750731","232653F08800400","232653F08800400",2024-03-23 13:30:55,"RESERVED",2024-03-23 13:31:52,1,"LS00155785",="0000171771","","PT-000378919",2024-03-23 13:32:00,="243807","LOW","3R03B332",,"3R03B332","PICK",false,,false,false,"UNUSED","","1B000 Black",,"","","","","","","NORMAL","LOOSE STOCK","",false,2024-03-24 17:00:00,,1533666,="1",false,true,false,"UNUSED",1,"NO","NO","NO"
="1","284750321-1-000001",="284750321","222482M20207107","222482M20207107",2024-03-23 13:35:44,"RESERVED",2024-03-23 13:36:52,1,"LS00086117",="0000171814","","PT-000378825",2024-03-23 12:44:05,="89412","LOW","3F64A123",,"3F64A123","PICK",false,,false,false,"UNUSED","","ACQUA/411",,"","","","","","","NORMAL","LOOSE STOCK","",false,2024-03-24 17:00:00,1969-12-31 19:00:36,1349418,"XXXL",false,true,false,"UNUSED",1,"NO","NO","NO"
="1","284750611-1-000001",="284750611","241454F11802003","241454F11802003",2024-03-23 13:35:44,"RESERVED",2024-03-23 13:36:52,1,"LS00173740",="0000171817","","PT-000378880",2024-03-23 13:12:10,="283104","LOW","3H13C413",,"3H13C413","PICK",false,,false,false,"UNUSED","","Black",,"","","","","","","NORMAL","LOOSE STOCK","",false,2024-03-24 18:00:00,,1410459,="36.5",false,true,false,"UNUSED",1,"NO","NO","NO"
="1","284750891-1-000001",="284750891","241264F12805700","241264F12805700",2024-03-23 13:40:44,"RESERVED",2024-03-23 13:41:30,1,"LS00153623",="0000171851","","PT-000378902",2024-03-23 13:22:40,="228408","LOW","3H48A307",,"3H48A307","PICK",false,,false,false,"UNUSED","","11719 White/Pink",,"","","","","","","NORMAL","LOOSE STOCK","",false,2024-03-24 17:00:00,,144629,="35",false,true,false,"UNUSED",1,"NO","NO","NO"
="1","284751111-1-000001",="284751111","232296F11805307","232296F11805307",2024-03-23 13:40:48,"RESERVED",2024-03-23 13:41:25,1,"LS00219645",="0000171854","","PT-000378943",2024-03-23 13:41:30,="438891","LOW","3H33A623",,"3H33A623","PICK",false,,false,false,"UNUSED","","410 Black",,"","","","","","","NORMAL","LOOSE STOCK","",false,2024-03-24 17:00:00,,1416221,="38.5",false,true,false,"UNUSED",1,"NO","NO","NO"
="1","284751241-1-000001",="284751241","241011M23704407","241011M23704407",2024-03-23 13:40:49,"RESERVED",2024-03-23 13:41:24,1,"LS00216753",="0000171855","","PT-000378944",2024-03-23 13:41:30,="415004","LOW","3H20C723",,"3H20C723","PICK",false,,false,false,"UNUSED","","BLACK/PURE PLATINUM-",,"","","","","","","NORMAL","LOOSE STOCK","Pick has a PSS Problem",false,2024-03-24 18:00:00,1969-12-31 19:00:36,1421421,="10.5",false,true,false,"UNUSED",2,"NO","NO","NO"
="2","284751241-2-000002",="284751241","232011M23600406","232011M23600406",2024-03-23 13:40:49,"RESERVED",2024-03-23 13:41:21,1,"LS00214559",="0000171855","","PT-000378944",2024-03-23 13:41:30,="391875","LOW","3H11A705",,"3H11A705","PICK",false,,false,false,"UNUSED","","LIGHT BONE/WHITE BLA",,"","","","","","","NORMAL","LOOSE STOCK","Pick has a PSS Problem",false,2024-03-24 18:00:00,1969-12-31 19:00:36,1420469,="10",false,true,false,"UNUSED",2,"NO","NO","NO"
="1","284750951-1-000001",="284750951","222252F09600001","222252F09600001",2024-03-23 13:40:49,"RESERVED",2024-03-23 13:41:28,1,"LS00159501",="0000171853","","PT-000378919",2024-03-23 13:32:00,="249857","LOW","3R15A305",,"3R15A305","PICK",false,,false,false,"UNUSED","","IAK NAVY",,"","","","","","","NORMAL","LOOSE STOCK","",false,2024-03-24 17:00:00,,1539515,"S",false,true,false,"UNUSED",1,"NO","NO","NO"
="1","284751281-1-000001",="284751281","241232F12700205","241232F12700205",2024-03-23 13:40:50,"RESERVED",2024-03-23 13:41:44,1,"LS00176105",="0000171862","","PT-000378902",2024-03-23 13:22:40,="308019","LOW","3H36C306",,"3H36C306","PICK",false,,false,false,"UNUSED","","0911 Black/Milk/Milk",,"","","","","","","NORMAL","LOOSE STOCK","",false,2024-03-24 18:00:00,,143440,="37.5",false,true,false,"UNUSED",1,"NO","NO","NO"
="1","284751181-1-000001",="284751181","241232F11500106","241232F11500106",2024-03-23 13:40:51,"RESERVED",2024-03-23 13:41:45,1,"LS00154586",="0000171860","","PT-000378902",2024-03-23 13:22:40,="237791","LOW","3H56C318",,"3H56C318","PICK",false,,false,false,"UNUSED","","911 Black/Milk/Milk",,"","","","","","","NORMAL","LOOSE STOCK","",false,2024-03-24 18:00:00,,145476,="38",false,true,false,"UNUSED",1,"NO","NO","NO"
="1","284751151-1-000001",="284751151","231138M23701703","231138M23701703",2024-03-23 13:40:51,"RESERVED",2024-03-23 13:41:40,1,"LS00217981",="0000171858","","PT-000378945",2024-03-23 13:42:09,="424832","LOW","3H25A816",,"3H25A816","PICK",false,,false,false,"UNUSED","","black/black/off whit",,"","","","","","","NORMAL","LOOSE STOCK","Pick has a PSS Problem",false,2024-03-24 15:00:00,1969-12-31 19:00:36,1424808,="7.5",false,true,false,"UNUSED",3,"NO","NO","NO"
="2","284751151-2-000002",="284751151","241607M23401801","241607M23401801",2024-03-23 13:40:51,"RESERVED",2024-03-23 13:41:49,1,"LS00217671",="0000171858","","PT-000378944",2024-03-23 13:41:30,="422169","LOW","3H24A712",,"3H24A712","PICK",false,,false,false,"UNUSED","","TRIPLE BLACK",,"","","","","","","NORMAL","LOOSE STOCK","Pick has a PSS Problem",false,2024-03-24 15:00:00,1969-12-31 19:00:36,1421701,="8",false,true,false,"UNUSED",3,"NO","NO","NO"
="3","284751151-3-000003",="284751151","232307M23713000","232307M23713000",2024-03-23 13:40:51,"RESERVED",2024-03-23 13:41:44,1,"LS00175782",="0000171858","","PT-000378946",2024-03-23 13:42:09,="303947","LOW","3H32B319",,"3H32B319","PICK",false,,false,false,"UNUSED","","Black",,"","","","","","","NORMAL","LOOSE STOCK","Pick has a PSS Problem",false,2024-03-24 15:00:00,,143168,="41",false,true,false,"UNUSED",3,"NO","NO","NO"
="1","284751491-1-000001",="284751491","241209M23406403","241209M23406403",2024-03-23 13:40:54,"RESERVED",2024-03-23 13:41:45,1,"LS00219463",="0000171864","","PT-000378947",2024-03-23 13:42:09,="437269","LOW","3H32B709",,"3H32B709","PICK",false,,false,false,"UNUSED","","Yoke",,"","","","","","","NORMAL","LOOSE STOCK","",false,2024-03-24 17:00:00,1969-12-31 19:00:36,1422467,="10",false,true,false,"UNUSED",1,"NO","NO","NO"
="1","284751501-1-000001",="284751501","241190F04904000","241190F04904000",2024-03-23 13:40:56,"RESERVED",2024-03-23 13:41:44,1,"LS00216522",="0000171865","","PT-000378943",2024-03-23 13:41:30,="413082","LOW","3H20A608",,"3H20A608","PICK",false,,false,false,"UNUSED","","001 Black",,"","","","","","","NORMAL","LOOSE STOCK","",false,2024-03-24 17:00:00,,1417624,"UNI",false,true,false,"UNUSED",1,"NO","NO","NO"
="1","284751561-1-000001",="284751561","241837F12805417","241837F12805417",2024-03-23 13:40:59,"RESERVED",2024-03-23 13:41:48,1,"LS00172995",="0000171867","","PT-000378937",2024-03-23 13:37:31,="315598","LOW","3H08C301",,"3H08C301","PICK",false,,false,false,"UNUSED","","Ghost Gray/Ghost Gra",,"","","","","","","NORMAL","LOOSE STOCK","",false,2024-03-24 15:00:00,,140720,"Men US 5.5",false,true,false,"UNUSED",1,"NO","NO","NO"
="1","284750921-1-000001",="284750921","241111M21600002","241111M21600002",2024-03-23 13:45:46,"RESERVED",2024-03-23 13:46:30,1,"LS00100736",="0000171905","","PT-000378822",2024-03-23 12:42:31,="128645","LOW","3F90C223",,"3F90C223","PICK",false,,false,false,"UNUSED","","933 Black + Black",,"","","","","","","NORMAL","LOOSE STOCK","",false,2024-03-24 15:00:00,,1364943,"M",false,true,false,"UNUSED",1,"NO","NO","NO"
="1","284751531-1-000001",="284751531","231704M20100405","231704M20100405",2024-03-23 13:45:47,"RESERVED",2024-03-23 13:46:25,1,"LS00098244",="0000171910","","PT-000378822",2024-03-23 12:42:31,="121932","LOW","3F86B220",,"3F86B220","PICK",false,,false,false,"UNUSED","","PINK 526P",,"","","","","","","NORMAL","LOOSE STOCK","",false,2024-03-24 15:00:00,,1362217,="54",false,true,false,"UNUSED",1,"NO","NO","NO"
="1","284751101-1-000001",="284751101","231482M21302305","231482M21302305",2024-03-23 13:45:48,"RESERVED",2024-03-23 13:46:24,1,"LS00169613",="0000171906","","PT-000378935",2024-03-23 13:36:56,="266252","LOW","3R23E142",,"3R23E142","PICK",false,,false,false,"UNUSED","","Vanilla/Vanilla/714",,"","","","","","","NORMAL","LOOSE STOCK","Pick has a PSS Problem",false,2024-03-24 17:00:00,,1510409,"XL",false,true,false,"UNUSED",2,"NO","NO","NO"
="2","284751101-2-000002",="284751101","231307M19300104","231307M19300104",2024-03-23 13:45:48,"RESERVED",2024-03-23 13:46:24,1,"LS00180756",="0000171906","","PT-000378954",2024-03-23 13:46:30,="320940","LOW","3R09H265",,"3R09H265","PICK",false,,false,false,"UNUSED","","BEIGE",,"","","","","","","NORMAL","LOOSE STOCK","Pick has a PSS Problem",false,2024-03-24 17:00:00,,1518175,="52",false,true,false,"UNUSED",2,"NO","NO","NO"
="1","284751291-1-000001",="284751291","241161F11001701","241161F11001701",2024-03-23 13:45:48,"RESERVED",2024-03-23 13:46:26,1,"LS00145090",="0000171907","","PT-000378909",2024-03-23 13:26:58,="209854","LOW","2E88E101",,"2E88E101","PICK",false,,false,false,"UNUSED","","Light Heather Grey",,"","","","","","","NORMAL","LOOSE STOCK","",false,2024-03-24 15:00:00,1969-12-31 19:00:36,959612,"XS",false,true,false,"UNUSED",1,"NO","NO","NO"
="1","284750841-1-000001",="284750841","231129M20104602","231129M20104602",2024-03-23 13:45:48,"RESERVED",2024-03-23 13:46:24,1,"LS00102468",="0000171904","","PT-000378822",2024-03-23 12:42:31,="133204","LOW","3F93A126",,"3F93A126","PICK",false,,false,false,"UNUSED","","CSS PALE LILAC",,"","","","","","","NORMAL","LOOSE STOCK","",false,2024-03-24 17:00:00,,1368470,"M",false,true,false,"UNUSED",1,"NO","NO","NO"
="1","284751461-1-000001",="284751461","241688M24300004","241688M24300004",2024-03-23 13:45:52,"RESERVED",2024-03-23 13:46:43,1,"LS00154383",="0000171914","","PT-000378902",2024-03-23 13:22:40,="235320","LOW","3H53B306",,"3H53B306","PICK",false,,false,false,"UNUSED","","BLACK",,"","","","","","","NORMAL","LOOSE STOCK","",false,2024-03-24 18:00:00,,145331,="43",false,true,false,"UNUSED",1,"NO","NO","NO"
="1","284751581-1-000001",="284751581","241264F12802305","241264F12802305",2024-03-23 13:50:45,"RESERVED",2024-03-23 13:51:26,1,"LS00172824",="0000171943","","PT-000378955",2024-03-23 13:49:25,="272930","LOW","3H05B323",,"3H05B323","PICK",false,,false,false,"UNUSED","","10914 White/Ice/Pink",,"","","","","","","NORMAL","LOOSE STOCK","",false,2024-03-24 17:00:00,,140499,="39",false,true,false,"UNUSED",1,"NO","NO","NO"
="1","284751701-1-000001",="284751701","231246M23700002","231246M23700002",2024-03-23 13:50:46,"RESERVED",2024-03-23 13:51:21,1,"LS00218581",="0000171948","","PT-000378957",2024-03-23 13:51:30,="430514","LOW","3H29B515",,"3H29B515","PICK",false,,false,false,"UNUSED","","1 BLACK",,"","","","","","","NORMAL","LOOSE STOCK","Pick has a PSS Problem",false,2024-03-24 15:00:00,,1414534,="8",false,true,false,"UNUSED",2,"NO","NO","NO"
="2","284751701-2-000002",="284751701","232246F12800100","232246F12800100",2024-03-23 13:50:46,"RESERVED",2024-03-23 13:51:21,1,"LS00175590",="0000171948","","PT-000378946",2024-03-23 13:42:09,="302116","LOW","3H31A313",,"3H31A313","PICK",false,,false,false,"UNUSED","","Beige",,"","","","","","","NORMAL","LOOSE STOCK","Pick has a PSS Problem",false,2024-03-24 15:00:00,,143108,="5",false,true,false,"UNUSED",2,"NO","NO","NO"
="1","284751641-1-000001",="284751641","241126M23600209","241126M23600209",2024-03-23 13:50:46,"RESERVED",2024-03-23 13:51:20,1,"LS00220638",="0000171945","","PT-000378943",2024-03-23 13:41:30,="448997","LOW","3H38C619",,"3H38C619","PICK",false,,false,false,"UNUSED","","911 BLACK/MILK/MILK",,"","","","","","","NORMAL","LOOSE STOCK","",false,2024-03-24 18:00:00,,1415823,="43.5",false,true,false,"UNUSED",1,"NO","NO","NO"
="1","284751741-1-000001",="284751741","241126F12701700","241126F12701700",2024-03-23 13:50:48,"RESERVED",2024-03-23 13:51:20,1,"LS00214532",="0000171949","","PT-000378943",2024-03-23 13:41:30,="391669","LOW","3H11A602",,"3H11A602","PICK",false,,false,false,"UNUSED","","911 Black/Milk/Milk",,"","","","","","","NORMAL","LOOSE STOCK","",false,2024-03-24 17:00:00,,1418345,="35",false,true,false,"UNUSED",1,"NO","NO","NO"
="1","284751991-1-000001",="284751991","232399M69700904","232399M69700904",2024-03-23 13:50:49,"RESERVED",2024-03-23 13:51:21,1,"LS00213358",="0000171951","","PT-000378960",2024-03-23 13:51:30,="379696","LOW","3H05A506",,"3H05A506","PICK",false,,false,false,"UNUSED","","Black Softy T",,"","","","","","","NORMAL","LOOSE STOCK","",false,2024-03-24 17:00:00,,1412313,="8",false,true,false,"UNUSED",1,"NO","NO","NO"
="1","284751761-1-000001",="284751761","241553F04804900","241553F04804900",2024-03-23 13:50:50,"RESERVED",2024-03-23 13:51:25,1,"LS00174339",="0000171950","","PT-000378955",2024-03-23 13:49:25,="289932","LOW","3H20A312",,"3H20A312","PICK",false,,false,false,"UNUSED","","850 Brown",,"","","","","","","NORMAL","LOOSE STOCK","",false,2024-03-24 18:00:00,,141919,"UNI",false,true,false,"UNUSED",1,"NO","NO","NO"
="1","284752191-1-000001",="284752191","221161F08801500","221161F08801500",2024-03-23 13:50:52,"RESERVED",2024-03-23 13:51:41,1,"LS00207198",="0000171959","","PT-000378769",2024-03-23 11:46:40,="363644","LOW","3R04D465",,"3R04D465","PICK",false,,false,false,"UNUSED","","Oak",,"","","","","","","NORMAL","LOOSE STOCK","",false,2024-03-24 17:00:00,,1547223,"XXS",false,true,false,"UNUSED",1,"NO","NO","NO"
="1","284752021-1-000001",="284752021","241092F12804202","241092F12804202",2024-03-23 13:50:53,"RESERVED",2024-03-23 13:51:44,1,"LS00174112",="0000171955","","PT-000378880",2024-03-23 13:12:10,="287619","LOW","3H18B401",,"3H18B401","PICK",false,,false,false,"UNUSED","","Black/Carbon",,"","","","","","","NORMAL","LOOSE STOCK","",false,2024-03-24 17:00:00,,1410138,"US 6.5 Wom",false,true,false,"UNUSED",1,"NO","NO","NO"
="1","284752151-1-000001",="284752151","241585M23707805","241585M23707805",2024-03-23 13:50:54,"RESERVED",2024-03-23 13:51:40,1,"LS00174116",="0000171958","","PT-000378880",2024-03-23 13:12:10,="287656","LOW","3H18B405",,"3H18B405","PICK",false,,false,false,"UNUSED","","All Black",,"","","","","","","NORMAL","LOOSE STOCK","",false,2024-03-24 17:00:00,,1410142,="9.5",false,true,false,"UNUSED",1,"NO","NO","NO"
="1","284751921-1-000001",="284751921","241101M13800800","241101M13800800",2024-03-23 13:50:55,"RESERVED",2024-03-23 13:51:41,1,"LS00084800",="0000171953","","PT-000378825",2024-03-23 12:44:05,="85823","LOW","3F61I216",,"3F61I216","PICK",false,,false,false,"UNUSED","","BLACK",,"","","","","","","NORMAL","LOOSE STOCK","",false,2024-03-24 17:00:00,1969-12-31 19:00:36,1347051,"UNI",false,true,false,"UNUSED",1,"NO","NO","NO"
="1","284752111-1-000001",="284752111","222161F09801602","222161F09801602",2024-03-23 13:50:55,"RESERVED",2024-03-23 13:51:41,1,"LS00203085",="0000171957","","PT-000378769",2024-03-23 11:46:40,="356816","LOW","3R23A426",,"3R23A426","PICK",false,,false,false,"UNUSED","","Off Black",,"","","","","","","NORMAL","LOOSE STOCK","",false,2024-03-24 17:00:00,,1562679,"S",false,true,false,"UNUSED",1,"NO","NO","NO"
="1","284752041-1-000001",="284752041","231090F12503710","231090F12503710",2024-03-23 13:50:59,"RESERVED",2024-03-23 13:51:36,1,"LS00220569",="0000171956","","PT-000378943",2024-03-23 13:41:30,="448337","LOW","3H38B622",,"3H38B622","PICK",false,,false,false,"UNUSED","","Black",,"","","","","","","NORMAL","LOOSE STOCK","",false,2024-03-24 17:00:00,,1415832,="39",false,true,false,"UNUSED",1,"NO","NO","NO"
="1","284752051-1-000001",="284752051","232641F09200200","232641F09200200",2024-03-23 13:55:43,"RESERVED",2024-03-23 13:56:49,1,"LS00155255",="0000171998","","PT-000378919",2024-03-23 13:32:00,="242982","LOW","3R01C343",,"3R01C343","PICK",false,,false,false,"UNUSED","","BLACK",,"","","","","","","NORMAL","LOOSE STOCK","",false,2024-03-24 18:00:00,,1533383,="4",false,true,false,"UNUSED",1,"NO","NO","NO"
="1","284751821-1-000001",="284751821","241111M13100502","241111M13100502",2024-03-23 13:55:45,"RESERVED",2024-03-23 13:56:56,1,"LS00176274",="0000171994","","PT-000378982",2024-03-23 13:56:57,="309819","LOW","3H37C407",,"3H37C407","PICK",false,,false,false,"UNUSED","","00E Black / Black",,"","","","","","","NORMAL","LOOSE STOCK","",false,2024-03-24 18:00:00,,148192,"M",false,true,false,"UNUSED",1,"NO","NO","NO"
="1","284752181-1-000001",="284752181","232016F35800001","232016F35800001",2024-03-23 13:55:45,"RESERVED",2024-03-23 13:56:51,1,"LS00168989",="0000172000","","PT-000378919",2024-03-23 13:32:00,="265331","LOW","3R21D146",,"3R21D146","PICK",false,,false,false,"UNUSED","","Tobias Spichtig Red",,"","","","","","","NORMAL","LOOSE STOCK","",false,2024-03-24 15:00:00,,158556,"S",false,true,false,"UNUSED",1,"NO","NO","NO"
="1","284751871-1-000001",="284751871","232886M21302206","232886M21302206",2024-03-23 13:55:46,"RESERVED",2024-03-23 13:56:50,1,"LS00157103",="0000171996","","PT-000378919",2024-03-23 13:32:00,="245844","LOW","3R07F324",,"3R07F324","PICK",false,,false,false,"UNUSED","","BLACK",,"","","","","","","NORMAL","LOOSE STOCK","",false,2024-03-24 15:00:00,,1535757,"XXXL",false,true,false,"UNUSED",1,"NO","NO","NO"
="1","284752091-1-000001",="284752091","231289F12503500","231289F12503500",2024-03-23 13:55:47,"RESERVED",2024-03-23 13:56:49,1,"LS00212826",="0000171999","","PT-000378980",2024-03-23 13:56:57,="375635","LOW","3H03A611",,"3H03A611","PICK",false,,false,false,"UNUSED","","KRF Kraft",,"","","","","","","NORMAL","LOOSE STOCK","Pick has a PSS Problem",false,2024-03-24 18:00:00,,1419166,="35",false,true,false,"UNUSED",2,"NO","NO","NO"
="2","284752091-2-000002",="284752091","241321F12400001","241321F12400001",2024-03-23 13:55:47,"RESERVED",2024-03-23 13:56:53,1,"LS00173997",="0000171999","","PT-000378981",2024-03-23 13:56:57,="286329","LOW","3H17C306",,"3H17C306","PICK",false,,false,false,"UNUSED","","Black 89900",,"","","","","","","NORMAL","LOOSE STOCK","Pick has a PSS Problem",false,2024-03-24 18:00:00,,141834,="36",false,true,false,"UNUSED",2,"NO","NO","NO"
="1","284751971-1-000001",="284751971","241161M21301503","241161M21301503",2024-03-23 13:55:48,"RESERVED",2024-03-23 13:56:56,1,"LS00191722",="0000171997","","PT-000378892",2024-03-23 13:16:51,="338668","LOW","3R23C207",,"3R23C207","PICK",false,,false,false,"UNUSED","","Jet Black",,"","","","","","","NORMAL","LOOSE STOCK","Pick has a PSS Problem",false,2024-03-24 18:00:00,,1528449,"M",false,true,false,"UNUSED",2,"NO","NO","NO"
="2","284751971-2-000002",="284751971","241161M21300903","241161M21300903",2024-03-23 13:55:48,"RESERVED",2024-03-23 13:56:55,1,"LS00177716",="0000171997","","PT-000378892",2024-03-23 13:16:51,="315531","LOW","3R03B202",,"3R03B202","PICK",false,,false,false,"UNUSED","","Jet Black",,"","","","","","","NORMAL","LOOSE STOCK","Pick has a PSS Problem",false,2024-03-24 18:00:00,,1513596,"M",false,true,false,"UNUSED",2,"NO","NO","NO"
="1","284753341-1-000001",="284753341","241546F11009801","241546F11009801",2024-03-23 14:10:48,"RESERVED",2024-03-23 14:11:30,1,"LS00125015",="0000172156","","PT-000379001",2024-03-23 14:02:09,="174158","LOW","2E44G235",,"2E44G235","PICK",false,,false,false,"UNUSED","","White X Pink",,"","","","","","","NORMAL","LOOSE STOCK","",false,2024-03-24 17:00:00,1969-12-31 19:00:36,929477,"XS",false,true,false,"UNUSED",1,"NO","NO","NO"
="1","284752691-1-000001",="284752691","241610F12802603","241610F12802603",2024-03-23 14:00:50,"RESERVED",2024-03-23 14:02:04,1,"LS00212722",="0000172059","","PT-000378994",2024-03-23 14:01:00,="374846","LOW","3H02C511",,"3H02C511","PICK",false,,false,false,"UNUSED","","Extra White/Babe",,"","","","","","","NORMAL","LOOSE STOCK","",false,2024-03-24 15:00:00,,1411839,="38",false,true,false,"UNUSED",1,"NO","NO","NO"
="1","284752301-1-000001",="284752301","222379M72002603","222379M72002603",2024-03-23 14:00:52,"RESERVED",2024-03-23 14:02:07,1,"LS00055740",="0000172048","","PT-000378900",2024-03-23 13:21:55,="21179","LOW","3F18C106",,"3F18C106","PICK",false,,false,false,"UNUSED","","0M101",,"","","","","","","NORMAL","LOOSE STOCK","",false,2024-03-24 17:00:00,1969-12-31 19:00:36,1313389,"10Y",false,true,false,"UNUSED",1,"NO","NO","NO"
="1","284752611-1-000001",="284752611","241402F12810604","241402F12810604",2024-03-23 14:00:55,"RESERVED",2024-03-23 14:02:05,1,"LS00216599",="0000172056","","PT-000378994",2024-03-23 14:01:00,="413754","LOW","3H20B513",,"3H20B513","PICK",false,,false,false,"UNUSED","","Mushroom/White",,"","","","","","","NORMAL","LOOSE STOCK","",false,2024-03-24 15:00:00,,1413623,"US 7 Women",false,true,false,"UNUSED",1,"NO","NO","NO"
="1","284752371-1-000001",="284752371","241837M23702102","241837M23702102",2024-03-23 14:00:55,"RESERVED",2024-03-23 14:02:04,1,"LS00153706",="0000172049","","PT-000378982",2024-03-23 13:56:57,="229371","LOW","3H48B418",,"3H48B418","PICK",false,,false,false,"UNUSED","","White/White/Lunar Ro",,"","","","","","","NORMAL","LOOSE STOCK","",false,2024-03-24 17:00:00,,147216,="7",false,true,false,"UNUSED",1,"NO","NO","NO"
="1","284752381-1-000001",="284752381","231533F11101301","231533F11101301",2024-03-23 14:00:56,"RESERVED",2024-03-23 14:02:03,1,"LS00179304",="0000172050","","PT-000378892",2024-03-23 13:16:51,="318373","LOW","3R06G242",,"3R06G242","PICK",false,,false,false,"UNUSED","","Black",,"","","","","","","NORMAL","LOOSE STOCK","Pick has a PSS Problem",false,2024-03-24 15:00:00,,1515681,="36",false,true,false,"UNUSED",2,"NO","NO","NO"
="2","284752381-2-000002",="284752381","241730F05400401","241730F05400401",2024-03-23 14:00:56,"RESERVED",2024-03-23 14:02:09,1,"LS00082126",="0000172050","","PT-000378929",2024-03-23 13:34:37,="78653","LOW","3F58A207",,"3F58A207","PICK",false,,false,false,"UNUSED","","White",,"","","","","","","NORMAL","LOOSE STOCK","Pick has a PSS Problem",false,2024-03-24 15:00:00,1969-12-31 19:00:36,1344911,"S",false,true,false,"UNUSED",2,"NO","NO","NO"
="1","284752781-1-000001",="284752781","241674F12403001","241674F12403001",2024-03-23 14:00:56,"RESERVED",2024-03-23 14:02:04,1,"LS00217105",="0000172064","","PT-000378962",2024-03-23 13:54:16,="417518","LOW","3H22A716",,"3H22A716","PICK",false,,false,false,"UNUSED","","Black",,"","","","","","","NORMAL","LOOSE STOCK","",false,2024-03-24 17:00:00,1969-12-31 19:00:36,1421505,="36",false,true,false,"UNUSED",1,"NO","NO","NO"
="1","284752431-1-000001",="284752431","241729M18002102","241729M18002102",2024-03-23 14:00:57,"RESERVED",2024-03-23 14:02:09,1,"LS00125039",="0000172052","","PT-000379001",2024-03-23 14:02:09,="174198","LOW","2E44H219",,"2E44H219","PICK",false,,false,false,"UNUSED","","15-BLACK",,"","","","","","","NORMAL","LOOSE STOCK","",false,2024-03-24 18:00:00,1969-12-31 19:00:36,929118,="4",false,true,false,"UNUSED",1,"NO","NO","NO"
="1","284752761-1-000001",="284752761","241402F12810606","241402F12810606",2024-03-23 14:00:59,"RESERVED",2024-03-23 14:02:05,1,"LS00219138",="0000172062","","PT-000378994",2024-03-23 14:01:00,="434765","LOW","3H31B512",,"3H31B512","PICK",false,,false,false,"UNUSED","","Mushroom/White",,"","","","","","","NORMAL","LOOSE STOCK","",false,2024-03-24 18:00:00,,1414737,"US 8 Women",false,true,false,"UNUSED",1,"NO","NO","NO"
="1","284752581-1-000001",="284752581","232011M20200400","232011M20200400",2024-03-23 14:00:59,"RESERVED",2024-03-23 14:02:02,1,"LS00094360",="0000172055","","PT-000378998",2024-03-23 14:02:09,="111307","LOW","3F79G101",,"3F79G101","PICK",false,,false,false,"UNUSED","","063 DK GREY HEATHER/",,"","","","","","","NORMAL","LOOSE STOCK","",false,2024-03-24 18:00:00,1969-12-31 19:00:36,1357846,"XS",false,true,false,"UNUSED",1,"NO","NO","NO"
="1","284752671-1-000001",="284752671","241674F12409203","241674F12409203",2024-03-23 14:00:59,"RESERVED",2024-03-23 14:01:59,1,"LS00213172",="0000172058","","PT-000378957",2024-03-23 13:51:30,="378155","LOW","3H04B512",,"3H04B512","PICK",false,,false,false,"UNUSED","","Black",,"","","","","","","NORMAL","LOOSE STOCK","Pick has a PSS Problem",false,2024-03-24 15:00:00,,1411985,="38",false,true,false,"UNUSED",2,"NO","NO","NO"
="2","284752671-2-000002",="284752671","241674F12403703","241674F12403703",2024-03-23 14:00:59,"RESERVED",2024-03-23 14:02:05,1,"LS00175506",="0000172058","","PT-000378946",2024-03-23 13:42:09,="301354","LOW","3H30B317",,"3H30B317","PICK",false,,false,false,"UNUSED","","Black",,"","","","","","","NORMAL","LOOSE STOCK","Pick has a PSS Problem",false,2024-03-24 15:00:00,,142887,="38",false,true,false,"UNUSED",2,"NO","NO","NO"
="1","284752731-1-000001",="284752731","241553F04803200","241553F04803200",2024-03-23 14:01:01,"RESERVED",2024-03-23 14:02:04,1,"LS00172297",="0000172061","","PT-000378955",2024-03-23 13:49:25,="14155","LOW","3H01A318",,"3H01A318","PICK",false,,false,false,"UNUSED","","180 Dark Beige",,"","","","","","","NORMAL","LOOSE STOCK","",false,2024-03-24 18:00:00,,140197,"UNI",false,true,false,"UNUSED",1,"NO","NO","NO"
="1","284752831-1-000001",="284752831","241126M23600204","241126M23600204",2024-03-23 14:01:01,"RESERVED",2024-03-23 14:02:00,1,"LS00220214",="0000172065","","PT-000378943",2024-03-23 13:41:30,="445435","LOW","3H37A616",,"3H37A616","PICK",false,,false,false,"UNUSED","","911 BLACK/MILK/MILK",,"","","","","","","NORMAL","LOOSE STOCK","",false,2024-03-24 18:00:00,,1415868,="41",false,true,false,"UNUSED",1,"NO","NO","NO"
="1","284752771-1-000001",="284752771","241126F11500804","241126F11500804",2024-03-23 14:01:02,"RESERVED",2024-03-23 14:01:59,1,"LS00218669",="0000172063","","PT-000378994",2024-03-23 14:01:00,="431202","LOW","3H29C507",,"3H29C507","PICK",false,,false,false,"UNUSED","","911 Black/Milk/Milk",,"","","","","","","NORMAL","LOOSE STOCK","",false,2024-03-24 17:00:00,,1414556,="37",false,true,false,"UNUSED",1,"NO","NO","NO"
="1","284752911-1-000001",="284752911","232749M23707701","232749M23707701",2024-03-23 14:01:03,"RESERVED",2024-03-23 14:02:00,1,"LS00215443",="0000172067","","PT-000378957",2024-03-23 13:51:30,="401680","LOW","3H16B503",,"3H16B503","PICK",false,,false,false,"UNUSED","","WHITE/CHARCOAL",,"","","","","","","NORMAL","LOOSE STOCK","Pick has a PSS Problem",false,2024-03-24 18:00:00,,1413128,="7.5",false,true,false,"UNUSED",2,"NO","NO","NO"
="2","284752911-2-000002",="284752911","241749F12803105","241749F12803105",2024-03-23 14:01:03,"RESERVED",2024-03-23 14:02:05,1,"LS00216610",="0000172067","","PT-000378957",2024-03-23 13:51:30,="413929","LOW","3H20B524",,"3H20B524","PICK",false,,false,false,"UNUSED","","White/Light Grey",,"","","","","","","NORMAL","LOOSE STOCK","Pick has a PSS Problem",false,2024-03-24 18:00:00,,1413634,="7.5",false,true,false,"UNUSED",2,"NO","NO","NO"
="1","284752201-1-000001",="284752201","241379F04905300","241379F04905300",2024-03-23 14:01:53,"RESERVED",2024-03-23 14:02:34,1,"LS00175504",="0000172071","","PT-000379003",2024-03-23 14:03:05,="301348","LOW","3H30B314",,"3H30B314","PICK",false,,false,false,"UNUSED","","00M50 Raw Sienna",,"","","","","","","NORMAL","LOOSE STOCK","",false,2024-03-24 17:00:00,,142884,"UNI",false,true,false,"UNUSED",1,"NO","NO","NO"
="1","284752461-1-000001",="284752461","241099F06902302","241099F06902302",2024-03-23 14:05:43,"RESERVED",2024-03-23 14:06:52,1,"LS00080141",="0000172112","","PT-000378961",2024-03-23 13:53:52,="73383","LOW","3F55C233",,"3F55C233","PICK",false,,false,false,"UNUSED","","Cool Blue Popsicle",,"","","","","","","NORMAL","LOOSE STOCK","",false,2024-03-24 18:00:00,1969-12-31 19:00:36,1341083,="25",false,true,false,"UNUSED",1,"NO","NO","NO"
="1","284752411-1-000001",="284752411","231751M23704900","231751M23704900",2024-03-23 14:05:44,"RESERVED",2024-03-23 14:06:47,1,"LS00215411",="0000172110","","PT-000378944",2024-03-23 13:41:30,="401352","LOW","3H16A719",,"3H16A719","PICK",false,,false,false,"UNUSED","","FTWR WHITE/FTWR WHIT",,"","","","","","","NORMAL","LOOSE STOCK","Pick has a PSS Problem",false,2024-03-24 15:00:00,1969-12-31 19:00:36,1421017,="7",false,true,false,"UNUSED",2,"NO","NO","NO"
="2","284752411-2-000002",="284752411","232749M23710300","232749M23710300",2024-03-23 14:05:44,"RESERVED",2024-03-23 14:06:50,1,"LS00215287",="0000172110","","PT-000378980",2024-03-23 13:56:57,="399740","LOW","3H13C614",,"3H13C614","PICK",false,,false,false,"UNUSED","","BLACK/DUSTY BLUE",,"","","","","","","NORMAL","LOOSE STOCK","Pick has a PSS Problem",false,2024-03-24 15:00:00,,1418218,="7",false,true,false,"UNUSED",2,"NO","NO","NO"
="1","284752601-1-000001",="284752601","232841F06900502","232841F06900502",2024-03-23 14:05:45,"RESERVED",2024-03-23 14:06:49,1,"LS00117434",="0000172115","","PT-000379001",2024-03-23 14:02:09,="160883","LOW","2E33J219",,"2E33J219","PICK",false,,false,false,"UNUSED","","Indigo",,"","","","","","","NORMAL","LOOSE STOCK","",false,2024-03-24 17:00:00,1969-12-31 19:00:36,920774,"M",false,true,false,"UNUSED",1,"NO","NO","NO"
="1","284752221-1-000001",="284752221","241402F12817402","241402F12817402",2024-03-23 14:05:46,"RESERVED",2024-03-23 14:06:51,1,"LS00217788",="0000172107","","PT-000378945",2024-03-23 13:42:09,="423215","LOW","3H24B813",,"3H24B813","PICK",false,,false,false,"UNUSED","","Steel",,"","","","","","","NORMAL","LOOSE STOCK","Pick has a PSS Problem",false,2024-03-24 18:00:00,1969-12-31 19:00:36,1425029,"US 6.5 Wom",false,true,false,"UNUSED",3,"NO","NO","NO"
="2","284752221-2-000002",="284752221","241545F05500102","241545F05500102",2024-03-23 14:05:46,"RESERVED",2024-03-23 14:06:53,1,"LS00160573",="0000172107","","PT-000379007",2024-03-23 14:06:55,="251797","LOW","3R18B337",,"3R18B337","PICK",false,,false,false,"UNUSED","","Onyx",,"","","","","","","NORMAL","LOOSE STOCK","Pick has a PSS Problem",false,2024-03-24 18:00:00,,1540683,"S",false,true,false,"UNUSED",3,"NO","NO","NO"
="3","284752221-3-000003",="284752221","241011F12804500","241011F12804500",2024-03-23 14:05:46,"RESERVED",2024-03-23 14:06:52,1,"LS00219149",="0000172107","","PT-000378980",2024-03-23 13:56:57,="434881","LOW","3H31B601",,"3H31B601","PICK",false,,false,false,"UNUSED","","White",,"","","","","","","NORMAL","LOOSE STOCK","Pick has a PSS Problem",false,2024-03-24 18:00:00,,1416398,"US 6.5 Wom",false,true,false,"UNUSED",3,"NO","NO","NO"
="1","284752711-1-000001",="284752711","241161F08601105","241161F08601105",2024-03-23 14:05:48,"RESERVED",2024-03-23 14:06:51,1,"LS00150785",="0000172117","","PT-000378909",2024-03-23 13:26:58,="217928","LOW","2E82J205",,"2E82J205","PICK",false,,false,false,"UNUSED","","Ink",,"","","","","","","NORMAL","LOOSE STOCK","",false,2024-03-24 18:00:00,1969-12-31 19:00:36,955622,"XL",false,true,false,"UNUSED",1,"NO","NO","NO"
="1","284752641-1-000001",="284752641","232214F05201402","232214F05201402",2024-03-23 14:05:48,"RESERVED",2024-03-23 14:06:47,1,"LS00202529",="0000172116","","PT-000378800",2024-03-23 11:56:44,="355733","LOW","3R22A455",,"3R22A455","PICK",false,,false,false,"UNUSED","","273 Vanilla Ice",,"","","","","","","NORMAL","LOOSE STOCK","Pick has a PSS Problem",false,2024-03-24 18:00:00,,1560974,"M",false,true,false,"UNUSED",2,"NO","NO","NO"
="2","284752641-2-000002",="284752641","241808F09500303","241808F09500303",2024-03-23 14:05:48,"RESERVED",2024-03-23 14:06:49,1,"LS00168075",="0000172116","","PT-000379007",2024-03-23 14:06:55,="263924","LOW","3R18G103",,"3R18G103","PICK",false,,false,false,"UNUSED","","635030 Nude/Blue/Red",,"","","","","","","NORMAL","LOOSE STOCK","Pick has a PSS Problem",false,2024-03-24 18:00:00,,157516,"M",false,true,false,"UNUSED",2,"NO","NO","NO"
="1","284753241-1-000001",="284753241","241901F09001302","241901F09001302",2024-03-23 14:10:48,"RESERVED",2024-03-23 14:11:28,1,"LS00099475",="0000172153","","PT-000378822",2024-03-23 12:42:31,="125149","LOW","3F88C113",,"3F88C113","PICK",false,,false,false,"UNUSED","","BA100 Black",,"","","","","","","NORMAL","LOOSE STOCK","",false,2024-03-24 17:00:00,,1363654,="10",false,true,false,"UNUSED",1,"NO","NO","NO"
="1","284753131-1-000001",="284753131","241402F12810604","241402F12810604",2024-03-23 14:10:49,"RESERVED",2024-03-23 14:11:26,1,"LS00216436",="0000172152","","PT-000378943",2024-03-23 13:41:30,="412253","LOW","3H19C616",,"3H19C616","PICK",false,,false,false,"UNUSED","","Mushroom/White",,"","","","","","","NORMAL","LOOSE STOCK","",false,2024-03-24 17:00:00,,1417668,"US 7 Women",false,true,false,"UNUSED",1,"NO","NO","NO"
="1","284753271-1-000001",="284753271","241011M23600104","241011M23600104",2024-03-23 14:10:50,"RESERVED",2024-03-23 14:11:25,1,"LS00220591",="0000172154","","PT-000379009",2024-03-23 14:11:20,="448600","LOW","3H38B808",,"3H38B808","PICK",false,,false,false,"UNUSED","","WHITE/BLACK-TOTAL OR",,"","","","","","","NORMAL","LOOSE STOCK","",false,2024-03-24 18:00:00,,1423684,="9",false,true,false,"UNUSED",1,"NO","NO","NO"
="1","284753301-1-000001",="284753301","241260F10000502","241260F10000502",2024-03-23 14:10:50,"RESERVED",2024-03-23 14:11:27,1,"LS00100414",="0000172155","","PT-000378822",2024-03-23 12:42:31,="127750","LOW","3F89H210",,"3F89H210","PICK",false,,false,false,"UNUSED","","Yellow 1",,"","","","","","","NORMAL","LOOSE STOCK","",false,2024-03-24 18:00:00,,1365213,"M",false,true,false,"UNUSED",1,"NO","NO","NO"
="1","284753021-1-000001",="284753021","241161M19300702","241161M19300702",2024-03-23 14:10:51,"RESERVED",2024-03-23 14:11:53,1,"LS00142361",="0000172157","","PT-000379012",2024-03-23 14:12:08,="206589","LOW","2E83D229",,"2E83D229","PICK",false,,false,false,"UNUSED","","Jet Black",,"","","","","","","NORMAL","LOOSE STOCK","Pick has a PSS Problem",false,2024-03-24 15:00:00,,957956,"S",false,true,false,"UNUSED",4,"NO","NO","NO"
="2","284753021-2-000002",="284753021","241161M21304402","241161M21304402",2024-03-23 14:10:51,"RESERVED",2024-03-23 14:11:51,1,"LS00147108",="0000172157","","PT-000379012",2024-03-23 14:12:08,="212095","LOW","2E92B230",,"2E92B230","PICK",false,,false,false,"UNUSED","","Garden Yellow",,"","","","","","","NORMAL","LOOSE STOCK","Pick has a PSS Problem",false,2024-03-24 15:00:00,,963930,"S",false,true,false,"UNUSED",4,"NO","NO","NO"
="3","284753021-3-000003",="284753021","241161M19303002","241161M19303002",2024-03-23 14:10:51,"RESERVED",2024-03-23 14:11:51,1,"LS00146378",="0000172157","","PT-000379012",2024-03-23 14:12:08,="211282","LOW","2E90I231",,"2E90I231","PICK",false,,false,false,"UNUSED","","Garden Yellow",,"","","","","","","NORMAL","LOOSE STOCK","Pick has a PSS Problem",false,2024-03-24 15:00:00,,961176,"S",false,true,false,"UNUSED",4,"NO","NO","NO"
="4","284753021-4-000004",="284753021","241161M21302402","241161M21302402",2024-03-23 14:10:51,"RESERVED",2024-03-23 14:11:49,1,"LS00177115",="0000172157","","PT-000378954",2024-03-23 13:46:30,="314518","LOW","3R01J218",,"3R01J218","PICK",false,,false,false,"UNUSED","","Jet Black",,"","","","","","","NORMAL","LOOSE STOCK","Pick has a PSS Problem",false,2024-03-24 15:00:00,,1513185,"S",false,true,false,"UNUSED",4,"NO","NO","NO"
="1","284753661-1-000001",="284753661","241402F12817307","241402F12817307",2024-03-23 14:10:52,"RESERVED",2024-03-23 14:12:18,1,"LS00218429",="0000172174","","PT-000379011",2024-03-23 14:12:08,="429320","LOW","3H28C707",,"3H28C707","PICK",false,,false,false,"UNUSED","","Calm Taupe",,"","","","","","","NORMAL","LOOSE STOCK","",false,2024-03-24 17:00:00,,1422071,"US 9 Women",false,true,false,"UNUSED",1,"NO","NO","NO"
="1","284753191-1-000001",="284753191","221482F09701102","221482F09701102",2024-03-23 14:10:52,"RESERVED",2024-03-23 14:11:51,1,"LS00054627",="0000172159","","PT-000379013",2024-03-23 14:12:08,="18911","LOW","3F16D232",,"3F16D232","PICK",false,,false,false,"UNUSED","","450 Sky Blue",,"","","","","","","NORMAL","LOOSE STOCK","",false,2024-03-24 17:00:00,1969-12-31 19:00:36,1311721,"S",false,true,false,"UNUSED",1,"NO","NO","NO"
="1","284753481-1-000001",="284753481","231844F12500604","231844F12500604",2024-03-23 14:10:54,"RESERVED",2024-03-23 14:11:45,1,"LS00172520",="0000172162","","PT-000378955",2024-03-23 13:49:25,="269952","LOW","3H03B307",,"3H03B307","PICK",false,,false,false,"UNUSED","","Iris",,"","","","","","","NORMAL","LOOSE STOCK","",false,2024-03-24 17:00:00,,140380,="39",false,true,false,"UNUSED",1,"NO","NO","NO"
="1","284753291-1-000001",="284753291","232011M20201103","232011M20201103",2024-03-23 14:10:55,"RESERVED",2024-03-23 14:11:47,1,"LS00059043",="0000172160","","PT-000378900",2024-03-23 13:21:55,="27488","LOW","3F23C107",,"3F23C107","PICK",false,,false,false,"UNUSED","","291 PLUM ECLIPSE/PLU",,"","","","","","","NORMAL","LOOSE STOCK","",false,2024-03-24 17:00:00,1969-12-31 19:00:36,1316679,"L",false,true,false,"UNUSED",1,"NO","NO","NO"
="1","284753571-1-000001",="284753571","232307F12802704","232307F12802704",2024-03-23 14:10:56,"RESERVED",2024-03-23 14:11:48,1,"LS00213984",="0000172163","","PT-000379011",2024-03-23 14:12:08,="386588","LOW","3H09A706",,"3H09A706","PICK",false,,false,false,"UNUSED","","Beige",,"","","","","","","NORMAL","LOOSE STOCK","",false,2024-03-24 17:00:00,,1420464,="39",false,true,false,"UNUSED",1,"NO","NO","NO"
="1","284753421-1-000001",="284753421","241607M23402003","241607M23402003",2024-03-23 14:10:57,"RESERVED",2024-03-23 14:11:53,1,"LS00213167",="0000172161","","PT-000378957",2024-03-23 13:51:30,="378074","LOW","3H04B507",,"3H04B507","PICK",false,,false,false,"UNUSED","","TRIPLE INCENSE",,"","","","","","","NORMAL","LOOSE STOCK","Pick has a PSS Problem",false,2024-03-24 15:00:00,,1411980,="10",false,true,false,"UNUSED",2,"NO","NO","NO"
="2","284753421-2-000002",="284753421","241607M23401503","241607M23401503",2024-03-23 14:10:57,"RESERVED",2024-03-23 14:11:53,1,"LS00213881",="0000172161","","PT-000378980",2024-03-23 13:56:57,="385477","LOW","3H08C623",,"3H08C623","PICK",false,,false,false,"UNUSED","","BLACK/BRINDLE",,"","","","","","","NORMAL","LOOSE STOCK","Pick has a PSS Problem",false,2024-03-24 15:00:00,,1418899,="10",false,true,false,"UNUSED",2,"NO","NO","NO"
="1","284753651-1-000001",="284753651","241546F11009801","241546F11009801",2024-03-23 14:10:58,"RESERVED",2024-03-23 14:11:53,1,"LS00125015",="0000172164","","PT-000379001",2024-03-23 14:02:09,="174158","LOW","2E44G235",,"2E44G235","PICK",false,,false,false,"UNUSED","","White X Pink",,"","","","","","","NORMAL","LOOSE STOCK","",false,2024-03-24 17:00:00,1969-12-31 19:00:36,929477,"XS",false,true,false,"UNUSED",1,"NO","NO","NO"
="1","284721211-1-000001",="284721211","241402M23704805","241402M23704805",2024-03-23 00:39:00,"RESERVED",2024-03-23 08:11:32,1,"LS00219759",="0000169003","","PT-000378962",2024-03-23 13:54:16,="440166","LOW","3H33B717",,"3H33B717","PICK",false,,false,false,"UNUSED","","WHITE/JUNIPER",,"","","","","","","NORMAL","LOOSE STOCK","",false,2024-03-24 17:00:00,1969-12-31 19:00:36,1422669,="9.5",false,true,false,"UNUSED",1,"NO","NO","NO"
="1","284721911-1-000001",="284721911","241837F12801512","241837F12801512",2024-03-23 00:40:53,"RESERVED",2024-03-23 08:11:32,1,"LS00173368",="0000169033","","PT-000378731",2024-03-23 11:21:18,="278743","LOW","3H11A414",,"3H11A414","PICK",false,,false,false,"UNUSED","","Black/Black/Phantom",,"","","","","","","NORMAL","LOOSE STOCK","",false,2024-03-24 17:00:00,,1410684,="11",false,true,false,"UNUSED",1,"NO","NO","NO"
="1","284720771-1-000001",="284720771","232188F11800107","232188F11800107",2024-03-23 00:41:31,"RESERVED",2024-03-23 08:11:28,1,"LS00173694",="0000169042","","PT-000378737",2024-03-23 11:25:16,="282431","LOW","3H13B414",,"3H13B414","PICK",false,,false,false,"UNUSED","","T8013 Black",,"","","","","","","NORMAL","LOOSE STOCK","",false,2024-03-24 18:00:00,1969-12-31 19:00:36,1410466,="38.5",false,true,false,"UNUSED",1,"NO","NO","NO"
="1","284720111-1-000001",="284720111","232161F09700501","232161F09700501",2024-03-23 00:42:57,"RESERVED",2024-03-23 14:14:19,1,"LS00222337",="0000169051","","PT-000378993",2024-03-23 14:00:35,="324897","LOW","3R17A201",,"3R17A201","PICK",false,,false,false,"UNUSED","","Core Heather",,"","","","","","","NORMAL","LOOSE STOCK","",false,2024-03-24 15:00:00,,1525274,"XS",false,true,false,"UNUSED",1,"NO","NO","NO"
="1","284721051-1-000001",="284721051","241226F11800009","241226F11800009",2024-03-23 00:43:59,"RESERVED",2024-03-23 08:11:38,1,"LS00214774",="0000169063","","PT-000378985",2024-03-23 13:57:37,="394081","LOW","3H11C805",,"3H11C805","PICK",false,,false,false,"UNUSED","","BLA BLACK",,"","","","","","","NORMAL","LOOSE STOCK","",false,2024-03-24 15:00:00,1969-12-31 19:00:36,1426118,="36.5",false,true,false,"UNUSED",1,"NO","NO","NO"
="1","284720951-1-000001",="284720951","241402F12807505","241402F12807505",2024-03-23 00:44:02,"RESERVED",2024-03-23 08:11:31,1,"LS00215133",="0000169066","","PT-000378756",2024-03-23 11:35:16,="397674","LOW","3H13A722",,"3H13A722","PICK",false,,false,false,"UNUSED","","Sandstone/Turtledove",,"","","","","","","NORMAL","LOOSE STOCK","",false,2024-03-24 17:00:00,1969-12-31 19:00:36,1420662,"US 7.5 Wom",false,true,false,"UNUSED",1,"NO","NO","NO"
="1","284720681-1-000001",="284720681","241209M23402604","241209M23402604",2024-03-23 00:46:32,"RESERVED",2024-03-23 08:11:33,1,"LS00220910",="0000169093","","PT-000378960",2024-03-23 13:51:30,="451343","LOW","3H40A515",,"3H40A515","PICK",false,,false,false,"UNUSED","","Black",,"","","","","","","NORMAL","LOOSE STOCK","",false,2024-03-24 15:00:00,,1415546,="11",false,true,false,"UNUSED",1,"NO","NO","NO"
="1","284725321-1-000001",="284725321","232837F12803402","232837F12803402",2024-03-23 01:40:54,"RESERVED",2024-03-23 14:09:15,1,"LS00214773",="0000169135","","PT-000378999",2024-03-23 14:02:09,="394062","LOW","3H11C804",,"3H11C804","PICK",false,,false,false,"UNUSED","","White/Vanilla/Lunar",,"","","","","","","NORMAL","LOOSE STOCK","",false,2024-03-24 17:00:00,1969-12-31 19:00:36,1426117,="6",false,true,false,"UNUSED",1,"NO","NO","NO"
="1","284723611-1-000001",="284723611","231307M23718302","231307M23718302",2024-03-23 01:41:47,"RESERVED",2024-03-23 08:11:28,1,"LS00213728",="0000169144","","PT-000378985",2024-03-23 13:57:37,="383769","LOW","3H08A814",,"3H08A814","PICK",false,,false,false,"UNUSED","","GREEN",,"","","","","","","NORMAL","LOOSE STOCK","",false,2024-03-24 15:00:00,1969-12-31 19:00:36,1426575,="41",false,true,false,"UNUSED",1,"NO","NO","NO"
="1","284724321-1-000001",="284724321","241731F12200105","241731F12200105",2024-03-23 01:43:59,"RESERVED",2024-03-23 10:16:50,1,"LS00219993",="0000169185","","PT-000378994",2024-03-23 14:01:00,="442842","LOW","3H36B511",,"3H36B511","PICK",false,,false,false,"UNUSED","","Black",,"","","","","","","NORMAL","LOOSE STOCK","",false,2024-03-24 17:00:00,,1415087,="39",false,true,false,"UNUSED",1,"NO","NO","NO"
="1","284724801-1-000001",="284724801","241646M23100805","241646M23100805",2024-03-23 01:46:50,"RESERVED",2024-03-23 08:11:38,1,"LS00219861",="0000169218","","PT-000379011",2024-03-23 14:12:08,="441482","LOW","3H33C723",,"3H33C723","PICK",false,,false,false,"UNUSED","","BK999 BLACK",,"","","","","","","NORMAL","LOOSE STOCK","",false,2024-03-24 18:00:00,,1422639,="44",false,true,false,"UNUSED",1,"NO","NO","NO"
="1","284722761-1-000001",="284722761","241264M70700206","241264M70700206",2024-03-23 01:50:10,"RESERVED",2024-03-23 01:51:30,1,"LS00173652",="0000169237","","PT-000378805",2024-03-23 12:00:59,="281836","MEDIUM","3H13A418",,"3H13A418","PICK",false,,false,false,"UNUSED","","Silver Glitter/Gold",,"","","","","","","NORMAL","LOOSE STOCK","",false,2024-03-23 18:00:00,,1410476,="34",false,true,false,"UNUSED",1,"NO","NO","NO"
="1","284725801-1-000001",="284725801","232161M21300001","232161M21300001",2024-03-23 01:50:56,"RESERVED",2024-03-23 14:02:13,1,"LS00222290",="0000169254","","PT-000378993",2024-03-23 14:00:35,="334600","LOW","3R13A264",,"3R13A264","PICK",false,,false,false,"UNUSED","","Jet Black",,"","","","","","","NORMAL","LOOSE STOCK","",false,2024-03-24 17:00:00,,1521159,"XS",false,true,false,"UNUSED",1,"NO","NO","NO"
="1","284725641-1-000001",="284725641","232119F09000701","232119F09000701",2024-03-23 01:54:42,"RESERVED",2024-03-23 08:11:34,1,"LS00080033",="0000169261","","PT-000378825",2024-03-23 12:44:05,="73123","LOW","3F55B132",,"3F55B132","PICK",false,,false,false,"UNUSED","","Purple",,"","","","","","","NORMAL","LOOSE STOCK","",false,2024-03-24 17:00:00,1969-12-31 19:00:36,1341952,"S",false,true,false,"UNUSED",1,"NO","NO","NO"
="1","284722621-1-000001",="284722621","232161M21300001","232161M21300001",2024-03-23 01:55:02,"RESERVED",2024-03-23 14:02:13,1,"LS00222281",="0000169266","","PT-000378993",2024-03-23 14:00:35,="311999","LOW","3R13A268",,"3R13A268","PICK",false,,false,false,"UNUSED","","Jet Black",,"","","","","","","NORMAL","LOOSE STOCK","",false,2024-03-24 17:00:00,,1521045,"XS",false,true,false,"UNUSED",1,"NO","NO","NO"
